regulatoryaccount,regulatorybank,id,house_url
,,61035738.0,https://www.chinabdc.cn/Tool/Config/QueryMethodName?methodName=GetUnitInfo&buildid=61035738.0
,,60900096.0,https://www.chinabdc.cn/Tool/Config/QueryMethodName?methodName=GetUnitInfo&buildid=60900096.0
,,61049079.0,https://www.chinabdc.cn/Tool/Config/QueryMethodName?methodName=GetUnitInfo&buildid=61049079.0
,,60964880.0,https://www.chinabdc.cn/Tool/Config/QueryMethodName?methodName=GetUnitInfo&buildid=60964880.0
,,60827335.0,https://www.chinabdc.cn/Tool/Config/QueryMethodName?methodName=GetUnitInfo&buildid=60827335.0
,,61049025.0,https://www.chinabdc.cn/Tool/Config/QueryMethodName?methodName=GetUnitInfo&buildid=61049025.0
,,61049037.0,https://www.chinabdc.cn/Tool/Config/QueryMethodName?methodName=GetUnitInfo&buildid=61049037.0
,,630105036471.0,https://www.chinabdc.cn/Tool/Config/QueryMethodName?methodName=GetUnitInfo&buildid=630105036471.0
,,630105036472.0,https://www.chinabdc.cn/Tool/Config/QueryMethodName?methodName=GetUnitInfo&buildid=630105036472.0
,,630105036470.0,https://www.chinabdc.cn/Tool/Config/QueryMethodName?methodName=GetUnitInfo&buildid=630105036470.0
,,630105058294.0,https://www.chinabdc.cn/Tool/Config/QueryMethodName?methodName=GetUnitInfo&buildid=630105058294.0
,,61035737.0,https://www.chinabdc.cn/Tool/Config/QueryMethodName?methodName=GetUnitInfo&buildid=61035737.0
,,60888692.0,https://www.chinabdc.cn/Tool/Config/QueryMethodName?methodName=GetUnitInfo&buildid=60888692.0
,,61049018.0,https://www.chinabdc.cn/Tool/Config/QueryMethodName?methodName=GetUnitInfo&buildid=61049018.0
,,60827337.0,https://www.chinabdc.cn/Tool/Config/QueryMethodName?methodName=GetUnitInfo&buildid=60827337.0
,,61049009.0,https://www.chinabdc.cn/Tool/Config/QueryMethodName?methodName=GetUnitInfo&buildid=61049009.0
,,61035740.0,https://www.chinabdc.cn/Tool/Config/QueryMethodName?methodName=GetUnitInfo&buildid=61035740.0
,,61049001.0,https://www.chinabdc.cn/Tool/Config/QueryMethodName?methodName=GetUnitInfo&buildid=61049001.0
,,60794713.0,https://www.chinabdc.cn/Tool/Config/QueryMethodName?methodName=GetUnitInfo&buildid=60794713.0
,,60964881.0,https://www.chinabdc.cn/Tool/Config/QueryMethodName?methodName=GetUnitInfo&buildid=60964881.0
,,61049083.0,https://www.chinabdc.cn/Tool/Config/QueryMethodName?methodName=GetUnitInfo&buildid=61049083.0
,,61017916.0,https://www.chinabdc.cn/Tool/Config/QueryMethodName?methodName=GetUnitInfo&buildid=61017916.0
,,61035742.0,https://www.chinabdc.cn/Tool/Config/QueryMethodName?methodName=GetUnitInfo&buildid=61035742.0
,,61035741.0,https://www.chinabdc.cn/Tool/Config/QueryMethodName?methodName=GetUnitInfo&buildid=61035741.0
,,60888683.0,https://www.chinabdc.cn/Tool/Config/QueryMethodName?methodName=GetUnitInfo&buildid=60888683.0
,,60888697.0,https://www.chinabdc.cn/Tool/Config/QueryMethodName?methodName=GetUnitInfo&buildid=60888697.0
,,61035739.0,https://www.chinabdc.cn/Tool/Config/QueryMethodName?methodName=GetUnitInfo&buildid=61035739.0
,,61035743.0,https://www.chinabdc.cn/Tool/Config/QueryMethodName?methodName=GetUnitInfo&buildid=61035743.0
,,60888698.0,https://www.chinabdc.cn/Tool/Config/QueryMethodName?methodName=GetUnitInfo&buildid=60888698.0
,,630105036469.0,https://www.chinabdc.cn/Tool/Config/QueryMethodName?methodName=GetUnitInfo&buildid=630105036469.0
,,60794716.0,https://www.chinabdc.cn/Tool/Config/QueryMethodName?methodName=GetUnitInfo&buildid=60794716.0
,,630105036455.0,https://www.chinabdc.cn/Tool/Config/QueryMethodName?methodName=GetUnitInfo&buildid=630105036455.0
暂无数据,暂无数据,60612145.0,https://www.chinabdc.cn/Tool/Config/QueryMethodName?methodName=GetUnitInfo&buildid=60612145.0
,,630105040851.0,https://www.chinabdc.cn/Tool/Config/QueryMethodName?methodName=GetUnitInfo&buildid=630105040851.0
,,630105036451.0,https://www.chinabdc.cn/Tool/Config/QueryMethodName?methodName=GetUnitInfo&buildid=630105036451.0
暂无数据,暂无数据,60611749.0,https://www.chinabdc.cn/Tool/Config/QueryMethodName?methodName=GetUnitInfo&buildid=60611749.0
,,630105036450.0,https://www.chinabdc.cn/Tool/Config/QueryMethodName?methodName=GetUnitInfo&buildid=630105036450.0
暂无数据,暂无数据,60713499.0,https://www.chinabdc.cn/Tool/Config/QueryMethodName?methodName=GetUnitInfo&buildid=60713499.0
暂无数据,暂无数据,60713466.0,https://www.chinabdc.cn/Tool/Config/QueryMethodName?methodName=GetUnitInfo&buildid=60713466.0
暂无数据,暂无数据,60611707.0,https://www.chinabdc.cn/Tool/Config/QueryMethodName?methodName=GetUnitInfo&buildid=60611707.0
,,630105036465.0,https://www.chinabdc.cn/Tool/Config/QueryMethodName?methodName=GetUnitInfo&buildid=630105036465.0
,,630105036464.0,https://www.chinabdc.cn/Tool/Config/QueryMethodName?methodName=GetUnitInfo&buildid=630105036464.0
暂无数据,暂无数据,630202010631.0,https://www.chinabdc.cn/Tool/Config/QueryMethodName?methodName=GetUnitInfo&buildid=630202010631.0
暂无数据,暂无数据,60611945.0,https://www.chinabdc.cn/Tool/Config/QueryMethodName?methodName=GetUnitInfo&buildid=60611945.0
暂无数据,暂无数据,630203023578.0,https://www.chinabdc.cn/Tool/Config/QueryMethodName?methodName=GetUnitInfo&buildid=630203023578.0
,,630105036467.0,https://www.chinabdc.cn/Tool/Config/QueryMethodName?methodName=GetUnitInfo&buildid=630105036467.0
暂无数据,暂无数据,630203023576.0,https://www.chinabdc.cn/Tool/Config/QueryMethodName?methodName=GetUnitInfo&buildid=630203023576.0
,,60827332.0,https://www.chinabdc.cn/Tool/Config/QueryMethodName?methodName=GetUnitInfo&buildid=60827332.0
,,60928608.0,https://www.chinabdc.cn/Tool/Config/QueryMethodName?methodName=GetUnitInfo&buildid=60928608.0
,,61049054.0,https://www.chinabdc.cn/Tool/Config/QueryMethodName?methodName=GetUnitInfo&buildid=61049054.0
,,60888694.0,https://www.chinabdc.cn/Tool/Config/QueryMethodName?methodName=GetUnitInfo&buildid=60888694.0
,,61049060.0,https://www.chinabdc.cn/Tool/Config/QueryMethodName?methodName=GetUnitInfo&buildid=61049060.0
,,61035736.0,https://www.chinabdc.cn/Tool/Config/QueryMethodName?methodName=GetUnitInfo&buildid=61035736.0
,,60827331.0,https://www.chinabdc.cn/Tool/Config/QueryMethodName?methodName=GetUnitInfo&buildid=60827331.0
,,61049049.0,https://www.chinabdc.cn/Tool/Config/QueryMethodName?methodName=GetUnitInfo&buildid=61049049.0
,,61049081.0,https://www.chinabdc.cn/Tool/Config/QueryMethodName?methodName=GetUnitInfo&buildid=61049081.0
暂无数据,暂无数据,630103048967.0,https://www.chinabdc.cn/Tool/Config/QueryMethodName?methodName=GetUnitInfo&buildid=630103048967.0
,,4200000000642.0,https://www.chinabdc.cn/Tool/Config/QueryMethodName?methodName=GetUnitInfo&buildid=4200000000642.0
暂无数据,暂无数据,630103048968.0,https://www.chinabdc.cn/Tool/Config/QueryMethodName?methodName=GetUnitInfo&buildid=630103048968.0
,,60817973.0,https://www.chinabdc.cn/Tool/Config/QueryMethodName?methodName=GetUnitInfo&buildid=60817973.0
,,630203022382.0,https://www.chinabdc.cn/Tool/Config/QueryMethodName?methodName=GetUnitInfo&buildid=630203022382.0
,,630203022384.0,https://www.chinabdc.cn/Tool/Config/QueryMethodName?methodName=GetUnitInfo&buildid=630203022384.0
,,630203023266.0,https://www.chinabdc.cn/Tool/Config/QueryMethodName?methodName=GetUnitInfo&buildid=630203023266.0
,,630105036468.0,https://www.chinabdc.cn/Tool/Config/QueryMethodName?methodName=GetUnitInfo&buildid=630105036468.0
,,630203022397.0,https://www.chinabdc.cn/Tool/Config/QueryMethodName?methodName=GetUnitInfo&buildid=630203022397.0
暂无数据,暂无数据,630103048997.0,https://www.chinabdc.cn/Tool/Config/QueryMethodName?methodName=GetUnitInfo&buildid=630103048997.0
暂无数据,暂无数据,630103049266.0,https://www.chinabdc.cn/Tool/Config/QueryMethodName?methodName=GetUnitInfo&buildid=630103049266.0
,,630203023267.0,https://www.chinabdc.cn/Tool/Config/QueryMethodName?methodName=GetUnitInfo&buildid=630203023267.0
,,630203003720.0,https://www.chinabdc.cn/Tool/Config/QueryMethodName?methodName=GetUnitInfo&buildid=630203003720.0
,,630102048889.0,https://www.chinabdc.cn/Tool/Config/QueryMethodName?methodName=GetUnitInfo&buildid=630102048889.0
,,630203022380.0,https://www.chinabdc.cn/Tool/Config/QueryMethodName?methodName=GetUnitInfo&buildid=630203022380.0
,,630203022360.0,https://www.chinabdc.cn/Tool/Config/QueryMethodName?methodName=GetUnitInfo&buildid=630203022360.0
,,630203022381.0,https://www.chinabdc.cn/Tool/Config/QueryMethodName?methodName=GetUnitInfo&buildid=630203022381.0
,,630203003716.0,https://www.chinabdc.cn/Tool/Config/QueryMethodName?methodName=GetUnitInfo&buildid=630203003716.0
,,630203003745.0,https://www.chinabdc.cn/Tool/Config/QueryMethodName?methodName=GetUnitInfo&buildid=630203003745.0
,,630102048882.0,https://www.chinabdc.cn/Tool/Config/QueryMethodName?methodName=GetUnitInfo&buildid=630102048882.0
,,630102048887.0,https://www.chinabdc.cn/Tool/Config/QueryMethodName?methodName=GetUnitInfo&buildid=630102048887.0
,,630105055199.0,https://www.chinabdc.cn/Tool/Config/QueryMethodName?methodName=GetUnitInfo&buildid=630105055199.0
,,630105055198.0,https://www.chinabdc.cn/Tool/Config/QueryMethodName?methodName=GetUnitInfo&buildid=630105055198.0
,,630105055312.0,https://www.chinabdc.cn/Tool/Config/QueryMethodName?methodName=GetUnitInfo&buildid=630105055312.0
,,630203023730.0,https://www.chinabdc.cn/Tool/Config/QueryMethodName?methodName=GetUnitInfo&buildid=630203023730.0
暂无数据,暂无数据,630105056097.0,https://www.chinabdc.cn/Tool/Config/QueryMethodName?methodName=GetUnitInfo&buildid=630105056097.0
,,630105055632.0,https://www.chinabdc.cn/Tool/Config/QueryMethodName?methodName=GetUnitInfo&buildid=630105055632.0
,,630203003913.0,https://www.chinabdc.cn/Tool/Config/QueryMethodName?methodName=GetUnitInfo&buildid=630203003913.0
,,4200000002875.0,https://www.chinabdc.cn/Tool/Config/QueryMethodName?methodName=GetUnitInfo&buildid=4200000002875.0
,,630103057194.0,https://www.chinabdc.cn/Tool/Config/QueryMethodName?methodName=GetUnitInfo&buildid=630103057194.0
,,60568827.0,https://www.chinabdc.cn/Tool/Config/QueryMethodName?methodName=GetUnitInfo&buildid=60568827.0
63050138360200000240,中国建设银行虎台支行,60568145.0,https://www.chinabdc.cn/Tool/Config/QueryMethodName?methodName=GetUnitInfo&buildid=60568145.0
63050138360200000240,中国建设银行虎台支行,60568132.0,https://www.chinabdc.cn/Tool/Config/QueryMethodName?methodName=GetUnitInfo&buildid=60568132.0
,,630105055307.0,https://www.chinabdc.cn/Tool/Config/QueryMethodName?methodName=GetUnitInfo&buildid=630105055307.0
63050138360200000240,中国建设银行虎台支行,60568134.0,https://www.chinabdc.cn/Tool/Config/QueryMethodName?methodName=GetUnitInfo&buildid=60568134.0
,,630105055314.0,https://www.chinabdc.cn/Tool/Config/QueryMethodName?methodName=GetUnitInfo&buildid=630105055314.0
63050138360200000240,中国建设银行虎台支行,60568140.0,https://www.chinabdc.cn/Tool/Config/QueryMethodName?methodName=GetUnitInfo&buildid=60568140.0
63050138360200000240,中国建设银行虎台支行,60568144.0,https://www.chinabdc.cn/Tool/Config/QueryMethodName?methodName=GetUnitInfo&buildid=60568144.0
63050138360200000240,中国建设银行虎台支行,60568135.0,https://www.chinabdc.cn/Tool/Config/QueryMethodName?methodName=GetUnitInfo&buildid=60568135.0
63050138360200000240,中国建设银行虎台支行,60568138.0,https://www.chinabdc.cn/Tool/Config/QueryMethodName?methodName=GetUnitInfo&buildid=60568138.0
63050138360200000240,中国建设银行虎台支行,60568137.0,https://www.chinabdc.cn/Tool/Config/QueryMethodName?methodName=GetUnitInfo&buildid=60568137.0
63050138360200000240,中国建设银行虎台支行,60568143.0,https://www.chinabdc.cn/Tool/Config/QueryMethodName?methodName=GetUnitInfo&buildid=60568143.0
63050138360200000240,中国建设银行虎台支行,60568141.0,https://www.chinabdc.cn/Tool/Config/QueryMethodName?methodName=GetUnitInfo&buildid=60568141.0
63050138360200000240,中国建设银行虎台支行,60568133.0,https://www.chinabdc.cn/Tool/Config/QueryMethodName?methodName=GetUnitInfo&buildid=60568133.0
63050138360200000240,中国建设银行虎台支行,60568146.0,https://www.chinabdc.cn/Tool/Config/QueryMethodName?methodName=GetUnitInfo&buildid=60568146.0
,,630105058291.0,https://www.chinabdc.cn/Tool/Config/QueryMethodName?methodName=GetUnitInfo&buildid=630105058291.0
,,630105058293.0,https://www.chinabdc.cn/Tool/Config/QueryMethodName?methodName=GetUnitInfo&buildid=630105058293.0
63050138360200000240,中国建设银行虎台支行,60568148.0,https://www.chinabdc.cn/Tool/Config/QueryMethodName?methodName=GetUnitInfo&buildid=60568148.0
,,630105053889.0,https://www.chinabdc.cn/Tool/Config/QueryMethodName?methodName=GetUnitInfo&buildid=630105053889.0
63050138360200000240,中国建设银行虎台支行,60568142.0,https://www.chinabdc.cn/Tool/Config/QueryMethodName?methodName=GetUnitInfo&buildid=60568142.0
暂无数据,暂无数据,630105055499.0,https://www.chinabdc.cn/Tool/Config/QueryMethodName?methodName=GetUnitInfo&buildid=630105055499.0
暂无数据,暂无数据,630105056096.0,https://www.chinabdc.cn/Tool/Config/QueryMethodName?methodName=GetUnitInfo&buildid=630105056096.0
63050138360200000240,中国建设银行虎台支行,60568136.0,https://www.chinabdc.cn/Tool/Config/QueryMethodName?methodName=GetUnitInfo&buildid=60568136.0
,,630103056068.0,https://www.chinabdc.cn/Tool/Config/QueryMethodName?methodName=GetUnitInfo&buildid=630103056068.0
暂无数据,暂无数据,630105055502.0,https://www.chinabdc.cn/Tool/Config/QueryMethodName?methodName=GetUnitInfo&buildid=630105055502.0
暂无数据,暂无数据,630105056092.0,https://www.chinabdc.cn/Tool/Config/QueryMethodName?methodName=GetUnitInfo&buildid=630105056092.0
,,630103056069.0,https://www.chinabdc.cn/Tool/Config/QueryMethodName?methodName=GetUnitInfo&buildid=630103056069.0
,,630103056066.0,https://www.chinabdc.cn/Tool/Config/QueryMethodName?methodName=GetUnitInfo&buildid=630103056066.0
,,60568828.0,https://www.chinabdc.cn/Tool/Config/QueryMethodName?methodName=GetUnitInfo&buildid=60568828.0
暂无数据,暂无数据,630105056093.0,https://www.chinabdc.cn/Tool/Config/QueryMethodName?methodName=GetUnitInfo&buildid=630105056093.0
暂无数据,暂无数据,630105055582.0,https://www.chinabdc.cn/Tool/Config/QueryMethodName?methodName=GetUnitInfo&buildid=630105055582.0
,,630103056063.0,https://www.chinabdc.cn/Tool/Config/QueryMethodName?methodName=GetUnitInfo&buildid=630103056063.0
暂无数据,暂无数据,630105056073.0,https://www.chinabdc.cn/Tool/Config/QueryMethodName?methodName=GetUnitInfo&buildid=630105056073.0
暂无数据,暂无数据,630105055578.0,https://www.chinabdc.cn/Tool/Config/QueryMethodName?methodName=GetUnitInfo&buildid=630105055578.0
,,630103056067.0,https://www.chinabdc.cn/Tool/Config/QueryMethodName?methodName=GetUnitInfo&buildid=630103056067.0
暂无数据,暂无数据,630105056074.0,https://www.chinabdc.cn/Tool/Config/QueryMethodName?methodName=GetUnitInfo&buildid=630105056074.0
暂无数据,暂无数据,630105055495.0,https://www.chinabdc.cn/Tool/Config/QueryMethodName?methodName=GetUnitInfo&buildid=630105055495.0
,,630103056064.0,https://www.chinabdc.cn/Tool/Config/QueryMethodName?methodName=GetUnitInfo&buildid=630103056064.0
暂无数据,暂无数据,630105055456.0,https://www.chinabdc.cn/Tool/Config/QueryMethodName?methodName=GetUnitInfo&buildid=630105055456.0
暂无数据,暂无数据,630105055451.0,https://www.chinabdc.cn/Tool/Config/QueryMethodName?methodName=GetUnitInfo&buildid=630105055451.0
暂无数据,暂无数据,630105055615.0,https://www.chinabdc.cn/Tool/Config/QueryMethodName?methodName=GetUnitInfo&buildid=630105055615.0
暂无数据,暂无数据,630105055956.0,https://www.chinabdc.cn/Tool/Config/QueryMethodName?methodName=GetUnitInfo&buildid=630105055956.0
暂无数据,暂无数据,630105055453.0,https://www.chinabdc.cn/Tool/Config/QueryMethodName?methodName=GetUnitInfo&buildid=630105055453.0
暂无数据,暂无数据,630105056070.0,https://www.chinabdc.cn/Tool/Config/QueryMethodName?methodName=GetUnitInfo&buildid=630105056070.0
暂无数据,暂无数据,630105055982.0,https://www.chinabdc.cn/Tool/Config/QueryMethodName?methodName=GetUnitInfo&buildid=630105055982.0
,,632321007760.0,https://www.chinabdc.cn/Tool/Config/QueryMethodName?methodName=GetUnitInfo&buildid=632321007760.0
暂无数据,暂无数据,630105055969.0,https://www.chinabdc.cn/Tool/Config/QueryMethodName?methodName=GetUnitInfo&buildid=630105055969.0
,,632321007763.0,https://www.chinabdc.cn/Tool/Config/QueryMethodName?methodName=GetUnitInfo&buildid=632321007763.0
,,630224018809.0,https://www.chinabdc.cn/Tool/Config/QueryMethodName?methodName=GetUnitInfo&buildid=630224018809.0
,,630224018799.0,https://www.chinabdc.cn/Tool/Config/QueryMethodName?methodName=GetUnitInfo&buildid=630224018799.0
,,630224018796.0,https://www.chinabdc.cn/Tool/Config/QueryMethodName?methodName=GetUnitInfo&buildid=630224018796.0
暂无数据,暂无数据,630105055588.0,https://www.chinabdc.cn/Tool/Config/QueryMethodName?methodName=GetUnitInfo&buildid=630105055588.0
,,632802002114.0,https://www.chinabdc.cn/Tool/Config/QueryMethodName?methodName=GetUnitInfo&buildid=632802002114.0
暂无数据,暂无数据,630105055573.0,https://www.chinabdc.cn/Tool/Config/QueryMethodName?methodName=GetUnitInfo&buildid=630105055573.0
,,630224018786.0,https://www.chinabdc.cn/Tool/Config/QueryMethodName?methodName=GetUnitInfo&buildid=630224018786.0
,,632521015432.0,https://www.chinabdc.cn/Tool/Config/QueryMethodName?methodName=GetUnitInfo&buildid=632521015432.0
,,632802002110.0,https://www.chinabdc.cn/Tool/Config/QueryMethodName?methodName=GetUnitInfo&buildid=632802002110.0
,,632802002104.0,https://www.chinabdc.cn/Tool/Config/QueryMethodName?methodName=GetUnitInfo&buildid=632802002104.0
暂无数据,暂无数据,630105055986.0,https://www.chinabdc.cn/Tool/Config/QueryMethodName?methodName=GetUnitInfo&buildid=630105055986.0
63050138360200000240,中国建设银行虎台支行,60568147.0,https://www.chinabdc.cn/Tool/Config/QueryMethodName?methodName=GetUnitInfo&buildid=60568147.0
暂无数据,暂无数据,630105056065.0,https://www.chinabdc.cn/Tool/Config/QueryMethodName?methodName=GetUnitInfo&buildid=630105056065.0
,,630224018798.0,https://www.chinabdc.cn/Tool/Config/QueryMethodName?methodName=GetUnitInfo&buildid=630224018798.0
暂无数据,暂无数据,630105055960.0,https://www.chinabdc.cn/Tool/Config/QueryMethodName?methodName=GetUnitInfo&buildid=630105055960.0
,,630105055202.0,https://www.chinabdc.cn/Tool/Config/QueryMethodName?methodName=GetUnitInfo&buildid=630105055202.0
暂无数据,暂无数据,630105056058.0,https://www.chinabdc.cn/Tool/Config/QueryMethodName?methodName=GetUnitInfo&buildid=630105056058.0
63050138360200000240,中国建设银行虎台支行,60568139.0,https://www.chinabdc.cn/Tool/Config/QueryMethodName?methodName=GetUnitInfo&buildid=60568139.0
,,630224018810.0,https://www.chinabdc.cn/Tool/Config/QueryMethodName?methodName=GetUnitInfo&buildid=630224018810.0
暂无数据,暂无数据,630224020972.0,https://www.chinabdc.cn/Tool/Config/QueryMethodName?methodName=GetUnitInfo&buildid=630224020972.0
暂无数据,暂无数据,630224016844.0,https://www.chinabdc.cn/Tool/Config/QueryMethodName?methodName=GetUnitInfo&buildid=630224016844.0
暂无数据,暂无数据,630105055494.0,https://www.chinabdc.cn/Tool/Config/QueryMethodName?methodName=GetUnitInfo&buildid=630105055494.0
暂无数据,暂无数据,630224016851.0,https://www.chinabdc.cn/Tool/Config/QueryMethodName?methodName=GetUnitInfo&buildid=630224016851.0
暂无数据,暂无数据,630105055991.0,https://www.chinabdc.cn/Tool/Config/QueryMethodName?methodName=GetUnitInfo&buildid=630105055991.0
,,632801003889.0,https://www.chinabdc.cn/Tool/Config/QueryMethodName?methodName=GetUnitInfo&buildid=632801003889.0
,,632801003886.0,https://www.chinabdc.cn/Tool/Config/QueryMethodName?methodName=GetUnitInfo&buildid=632801003886.0
,,632801003891.0,https://www.chinabdc.cn/Tool/Config/QueryMethodName?methodName=GetUnitInfo&buildid=632801003891.0
,,632221022994.0,https://www.chinabdc.cn/Tool/Config/QueryMethodName?methodName=GetUnitInfo&buildid=632221022994.0
,,630224018811.0,https://www.chinabdc.cn/Tool/Config/QueryMethodName?methodName=GetUnitInfo&buildid=630224018811.0
,,632221023016.0,https://www.chinabdc.cn/Tool/Config/QueryMethodName?methodName=GetUnitInfo&buildid=632221023016.0
,,630104046776.0,https://www.chinabdc.cn/Tool/Config/QueryMethodName?methodName=GetUnitInfo&buildid=630104046776.0
,,632801003893.0,https://www.chinabdc.cn/Tool/Config/QueryMethodName?methodName=GetUnitInfo&buildid=632801003893.0
,,630223018777.0,https://www.chinabdc.cn/Tool/Config/QueryMethodName?methodName=GetUnitInfo&buildid=630223018777.0
,,630223018644.0,https://www.chinabdc.cn/Tool/Config/QueryMethodName?methodName=GetUnitInfo&buildid=630223018644.0
,,630223018781.0,https://www.chinabdc.cn/Tool/Config/QueryMethodName?methodName=GetUnitInfo&buildid=630223018781.0
,,630223018779.0,https://www.chinabdc.cn/Tool/Config/QueryMethodName?methodName=GetUnitInfo&buildid=630223018779.0
,,60600128.0,https://www.chinabdc.cn/Tool/Config/QueryMethodName?methodName=GetUnitInfo&buildid=60600128.0
,,60600130.0,https://www.chinabdc.cn/Tool/Config/QueryMethodName?methodName=GetUnitInfo&buildid=60600130.0
,,60610200.0,https://www.chinabdc.cn/Tool/Config/QueryMethodName?methodName=GetUnitInfo&buildid=60610200.0
,,60600133.0,https://www.chinabdc.cn/Tool/Config/QueryMethodName?methodName=GetUnitInfo&buildid=60600133.0
,,630223018640.0,https://www.chinabdc.cn/Tool/Config/QueryMethodName?methodName=GetUnitInfo&buildid=630223018640.0
,,60600134.0,https://www.chinabdc.cn/Tool/Config/QueryMethodName?methodName=GetUnitInfo&buildid=60600134.0
,,630223017027.0,https://www.chinabdc.cn/Tool/Config/QueryMethodName?methodName=GetUnitInfo&buildid=630223017027.0
,,630224018797.0,https://www.chinabdc.cn/Tool/Config/QueryMethodName?methodName=GetUnitInfo&buildid=630224018797.0
,,60600127.0,https://www.chinabdc.cn/Tool/Config/QueryMethodName?methodName=GetUnitInfo&buildid=60600127.0
,,60600132.0,https://www.chinabdc.cn/Tool/Config/QueryMethodName?methodName=GetUnitInfo&buildid=60600132.0
,,60600131.0,https://www.chinabdc.cn/Tool/Config/QueryMethodName?methodName=GetUnitInfo&buildid=60600131.0
暂无数据,暂无数据,630224016850.0,https://www.chinabdc.cn/Tool/Config/QueryMethodName?methodName=GetUnitInfo&buildid=630224016850.0
,,60600135.0,https://www.chinabdc.cn/Tool/Config/QueryMethodName?methodName=GetUnitInfo&buildid=60600135.0
,,630102043670.0,https://www.chinabdc.cn/Tool/Config/QueryMethodName?methodName=GetUnitInfo&buildid=630102043670.0
,,4100000001963.0,https://www.chinabdc.cn/Tool/Config/QueryMethodName?methodName=GetUnitInfo&buildid=4100000001963.0
,,630102048075.0,https://www.chinabdc.cn/Tool/Config/QueryMethodName?methodName=GetUnitInfo&buildid=630102048075.0
,,630102048076.0,https://www.chinabdc.cn/Tool/Config/QueryMethodName?methodName=GetUnitInfo&buildid=630102048076.0
,,630102048073.0,https://www.chinabdc.cn/Tool/Config/QueryMethodName?methodName=GetUnitInfo&buildid=630102048073.0
,,630102048068.0,https://www.chinabdc.cn/Tool/Config/QueryMethodName?methodName=GetUnitInfo&buildid=630102048068.0
,,630102048066.0,https://www.chinabdc.cn/Tool/Config/QueryMethodName?methodName=GetUnitInfo&buildid=630102048066.0
,,630102048069.0,https://www.chinabdc.cn/Tool/Config/QueryMethodName?methodName=GetUnitInfo&buildid=630102048069.0
,,630102048074.0,https://www.chinabdc.cn/Tool/Config/QueryMethodName?methodName=GetUnitInfo&buildid=630102048074.0
,,630102048062.0,https://www.chinabdc.cn/Tool/Config/QueryMethodName?methodName=GetUnitInfo&buildid=630102048062.0
,,630102048067.0,https://www.chinabdc.cn/Tool/Config/QueryMethodName?methodName=GetUnitInfo&buildid=630102048067.0
,,630102048072.0,https://www.chinabdc.cn/Tool/Config/QueryMethodName?methodName=GetUnitInfo&buildid=630102048072.0
,,630102048065.0,https://www.chinabdc.cn/Tool/Config/QueryMethodName?methodName=GetUnitInfo&buildid=630102048065.0
,,630102048071.0,https://www.chinabdc.cn/Tool/Config/QueryMethodName?methodName=GetUnitInfo&buildid=630102048071.0
,,630102048064.0,https://www.chinabdc.cn/Tool/Config/QueryMethodName?methodName=GetUnitInfo&buildid=630102048064.0
,,630102048063.0,https://www.chinabdc.cn/Tool/Config/QueryMethodName?methodName=GetUnitInfo&buildid=630102048063.0
,,630223017026.0,https://www.chinabdc.cn/Tool/Config/QueryMethodName?methodName=GetUnitInfo&buildid=630223017026.0
,,630102048061.0,https://www.chinabdc.cn/Tool/Config/QueryMethodName?methodName=GetUnitInfo&buildid=630102048061.0
,,630223017024.0,https://www.chinabdc.cn/Tool/Config/QueryMethodName?methodName=GetUnitInfo&buildid=630223017024.0
,,630223017022.0,https://www.chinabdc.cn/Tool/Config/QueryMethodName?methodName=GetUnitInfo&buildid=630223017022.0
,,630223017023.0,https://www.chinabdc.cn/Tool/Config/QueryMethodName?methodName=GetUnitInfo&buildid=630223017023.0
,,630223023504.0,https://www.chinabdc.cn/Tool/Config/QueryMethodName?methodName=GetUnitInfo&buildid=630223023504.0
,,630102048060.0,https://www.chinabdc.cn/Tool/Config/QueryMethodName?methodName=GetUnitInfo&buildid=630102048060.0
,,630223017025.0,https://www.chinabdc.cn/Tool/Config/QueryMethodName?methodName=GetUnitInfo&buildid=630223017025.0
,,630223023501.0,https://www.chinabdc.cn/Tool/Config/QueryMethodName?methodName=GetUnitInfo&buildid=630223023501.0
,,630102048070.0,https://www.chinabdc.cn/Tool/Config/QueryMethodName?methodName=GetUnitInfo&buildid=630102048070.0
,,630102048046.0,https://www.chinabdc.cn/Tool/Config/QueryMethodName?methodName=GetUnitInfo&buildid=630102048046.0
,,630102048049.0,https://www.chinabdc.cn/Tool/Config/QueryMethodName?methodName=GetUnitInfo&buildid=630102048049.0
,,630102048059.0,https://www.chinabdc.cn/Tool/Config/QueryMethodName?methodName=GetUnitInfo&buildid=630102048059.0
,,630223023503.0,https://www.chinabdc.cn/Tool/Config/QueryMethodName?methodName=GetUnitInfo&buildid=630223023503.0
暂无数据,暂无数据,630223023502.0,https://www.chinabdc.cn/Tool/Config/QueryMethodName?methodName=GetUnitInfo&buildid=630223023502.0
,,630102048047.0,https://www.chinabdc.cn/Tool/Config/QueryMethodName?methodName=GetUnitInfo&buildid=630102048047.0
,,630102048048.0,https://www.chinabdc.cn/Tool/Config/QueryMethodName?methodName=GetUnitInfo&buildid=630102048048.0
,,630102048054.0,https://www.chinabdc.cn/Tool/Config/QueryMethodName?methodName=GetUnitInfo&buildid=630102048054.0
,,630102048058.0,https://www.chinabdc.cn/Tool/Config/QueryMethodName?methodName=GetUnitInfo&buildid=630102048058.0
,,630102048055.0,https://www.chinabdc.cn/Tool/Config/QueryMethodName?methodName=GetUnitInfo&buildid=630102048055.0
,,630102048050.0,https://www.chinabdc.cn/Tool/Config/QueryMethodName?methodName=GetUnitInfo&buildid=630102048050.0
,,630102048057.0,https://www.chinabdc.cn/Tool/Config/QueryMethodName?methodName=GetUnitInfo&buildid=630102048057.0
,,630102048045.0,https://www.chinabdc.cn/Tool/Config/QueryMethodName?methodName=GetUnitInfo&buildid=630102048045.0
,,630102048052.0,https://www.chinabdc.cn/Tool/Config/QueryMethodName?methodName=GetUnitInfo&buildid=630102048052.0
,,630103057058.0,https://www.chinabdc.cn/Tool/Config/QueryMethodName?methodName=GetUnitInfo&buildid=630103057058.0
,,630102048053.0,https://www.chinabdc.cn/Tool/Config/QueryMethodName?methodName=GetUnitInfo&buildid=630102048053.0
,,630103056594.0,https://www.chinabdc.cn/Tool/Config/QueryMethodName?methodName=GetUnitInfo&buildid=630103056594.0
,,630102048051.0,https://www.chinabdc.cn/Tool/Config/QueryMethodName?methodName=GetUnitInfo&buildid=630102048051.0
,,630103056597.0,https://www.chinabdc.cn/Tool/Config/QueryMethodName?methodName=GetUnitInfo&buildid=630103056597.0
,,630103057057.0,https://www.chinabdc.cn/Tool/Config/QueryMethodName?methodName=GetUnitInfo&buildid=630103057057.0
,,630103056590.0,https://www.chinabdc.cn/Tool/Config/QueryMethodName?methodName=GetUnitInfo&buildid=630103056590.0
,,630103056592.0,https://www.chinabdc.cn/Tool/Config/QueryMethodName?methodName=GetUnitInfo&buildid=630103056592.0
,,630103057154.0,https://www.chinabdc.cn/Tool/Config/QueryMethodName?methodName=GetUnitInfo&buildid=630103057154.0
,,630103056593.0,https://www.chinabdc.cn/Tool/Config/QueryMethodName?methodName=GetUnitInfo&buildid=630103056593.0
,,630103056595.0,https://www.chinabdc.cn/Tool/Config/QueryMethodName?methodName=GetUnitInfo&buildid=630103056595.0
,,630103056549.0,https://www.chinabdc.cn/Tool/Config/QueryMethodName?methodName=GetUnitInfo&buildid=630103056549.0
,,630103056580.0,https://www.chinabdc.cn/Tool/Config/QueryMethodName?methodName=GetUnitInfo&buildid=630103056580.0
,,630103057060.0,https://www.chinabdc.cn/Tool/Config/QueryMethodName?methodName=GetUnitInfo&buildid=630103057060.0
,,630202021393.0,https://www.chinabdc.cn/Tool/Config/QueryMethodName?methodName=GetUnitInfo&buildid=630202021393.0
,,630102048033.0,https://www.chinabdc.cn/Tool/Config/QueryMethodName?methodName=GetUnitInfo&buildid=630102048033.0
,,630102048035.0,https://www.chinabdc.cn/Tool/Config/QueryMethodName?methodName=GetUnitInfo&buildid=630102048035.0
,,630103056599.0,https://www.chinabdc.cn/Tool/Config/QueryMethodName?methodName=GetUnitInfo&buildid=630103056599.0
,,630102048056.0,https://www.chinabdc.cn/Tool/Config/QueryMethodName?methodName=GetUnitInfo&buildid=630102048056.0
,,630102048041.0,https://www.chinabdc.cn/Tool/Config/QueryMethodName?methodName=GetUnitInfo&buildid=630102048041.0
,,630102048039.0,https://www.chinabdc.cn/Tool/Config/QueryMethodName?methodName=GetUnitInfo&buildid=630102048039.0
,,632801010865.0,https://www.chinabdc.cn/Tool/Config/QueryMethodName?methodName=GetUnitInfo&buildid=632801010865.0
,,60562258.0,https://www.chinabdc.cn/Tool/Config/QueryMethodName?methodName=GetUnitInfo&buildid=60562258.0
,,60562272.0,https://www.chinabdc.cn/Tool/Config/QueryMethodName?methodName=GetUnitInfo&buildid=60562272.0
,,630103056596.0,https://www.chinabdc.cn/Tool/Config/QueryMethodName?methodName=GetUnitInfo&buildid=630103056596.0
,,630103058271.0,https://www.chinabdc.cn/Tool/Config/QueryMethodName?methodName=GetUnitInfo&buildid=630103058271.0
,,630223006462.0,https://www.chinabdc.cn/Tool/Config/QueryMethodName?methodName=GetUnitInfo&buildid=630223006462.0
,,630202004534.0,https://www.chinabdc.cn/Tool/Config/QueryMethodName?methodName=GetUnitInfo&buildid=630202004534.0
,,630223006516.0,https://www.chinabdc.cn/Tool/Config/QueryMethodName?methodName=GetUnitInfo&buildid=630223006516.0
,,630102043633.0,https://www.chinabdc.cn/Tool/Config/QueryMethodName?methodName=GetUnitInfo&buildid=630102043633.0
,,630102040429.0,https://www.chinabdc.cn/Tool/Config/QueryMethodName?methodName=GetUnitInfo&buildid=630102040429.0
,,630102049791.0,https://www.chinabdc.cn/Tool/Config/QueryMethodName?methodName=GetUnitInfo&buildid=630102049791.0
,,4100000001079.0,https://www.chinabdc.cn/Tool/Config/QueryMethodName?methodName=GetUnitInfo&buildid=4100000001079.0
,,630102043624.0,https://www.chinabdc.cn/Tool/Config/QueryMethodName?methodName=GetUnitInfo&buildid=630102043624.0
,,4100000001712.0,https://www.chinabdc.cn/Tool/Config/QueryMethodName?methodName=GetUnitInfo&buildid=4100000001712.0
,,630102048038.0,https://www.chinabdc.cn/Tool/Config/QueryMethodName?methodName=GetUnitInfo&buildid=630102048038.0
,,4100000001964.0,https://www.chinabdc.cn/Tool/Config/QueryMethodName?methodName=GetUnitInfo&buildid=4100000001964.0
,,4100000001076.0,https://www.chinabdc.cn/Tool/Config/QueryMethodName?methodName=GetUnitInfo&buildid=4100000001076.0
,,630102049790.0,https://www.chinabdc.cn/Tool/Config/QueryMethodName?methodName=GetUnitInfo&buildid=630102049790.0
,,4100000001056.0,https://www.chinabdc.cn/Tool/Config/QueryMethodName?methodName=GetUnitInfo&buildid=4100000001056.0
,,4100000001072.0,https://www.chinabdc.cn/Tool/Config/QueryMethodName?methodName=GetUnitInfo&buildid=4100000001072.0
,,60600446.0,https://www.chinabdc.cn/Tool/Config/QueryMethodName?methodName=GetUnitInfo&buildid=60600446.0
,,4100000001961.0,https://www.chinabdc.cn/Tool/Config/QueryMethodName?methodName=GetUnitInfo&buildid=4100000001961.0
,,60600513.0,https://www.chinabdc.cn/Tool/Config/QueryMethodName?methodName=GetUnitInfo&buildid=60600513.0
,,4100000001078.0,https://www.chinabdc.cn/Tool/Config/QueryMethodName?methodName=GetUnitInfo&buildid=4100000001078.0
,,60600583.0,https://www.chinabdc.cn/Tool/Config/QueryMethodName?methodName=GetUnitInfo&buildid=60600583.0
,,60600542.0,https://www.chinabdc.cn/Tool/Config/QueryMethodName?methodName=GetUnitInfo&buildid=60600542.0
,,60600633.0,https://www.chinabdc.cn/Tool/Config/QueryMethodName?methodName=GetUnitInfo&buildid=60600633.0
,,60600443.0,https://www.chinabdc.cn/Tool/Config/QueryMethodName?methodName=GetUnitInfo&buildid=60600443.0
,,60600608.0,https://www.chinabdc.cn/Tool/Config/QueryMethodName?methodName=GetUnitInfo&buildid=60600608.0
,,60600722.0,https://www.chinabdc.cn/Tool/Config/QueryMethodName?methodName=GetUnitInfo&buildid=60600722.0
,,60600756.0,https://www.chinabdc.cn/Tool/Config/QueryMethodName?methodName=GetUnitInfo&buildid=60600756.0
,,630103042654.0,https://www.chinabdc.cn/Tool/Config/QueryMethodName?methodName=GetUnitInfo&buildid=630103042654.0
,,632802002241.0,https://www.chinabdc.cn/Tool/Config/QueryMethodName?methodName=GetUnitInfo&buildid=632802002241.0
,,630102035165.0,https://www.chinabdc.cn/Tool/Config/QueryMethodName?methodName=GetUnitInfo&buildid=630102035165.0
,,60600670.0,https://www.chinabdc.cn/Tool/Config/QueryMethodName?methodName=GetUnitInfo&buildid=60600670.0
,,4100000001698.0,https://www.chinabdc.cn/Tool/Config/QueryMethodName?methodName=GetUnitInfo&buildid=4100000001698.0
,,4100000001962.0,https://www.chinabdc.cn/Tool/Config/QueryMethodName?methodName=GetUnitInfo&buildid=4100000001962.0
,,4100000001713.0,https://www.chinabdc.cn/Tool/Config/QueryMethodName?methodName=GetUnitInfo&buildid=4100000001713.0
,,4100000001039.0,https://www.chinabdc.cn/Tool/Config/QueryMethodName?methodName=GetUnitInfo&buildid=4100000001039.0
,,60600707.0,https://www.chinabdc.cn/Tool/Config/QueryMethodName?methodName=GetUnitInfo&buildid=60600707.0
,,4100000001699.0,https://www.chinabdc.cn/Tool/Config/QueryMethodName?methodName=GetUnitInfo&buildid=4100000001699.0
,,60600129.0,https://www.chinabdc.cn/Tool/Config/QueryMethodName?methodName=GetUnitInfo&buildid=60600129.0
,,60600790.0,https://www.chinabdc.cn/Tool/Config/QueryMethodName?methodName=GetUnitInfo&buildid=60600790.0
,,60600496.0,https://www.chinabdc.cn/Tool/Config/QueryMethodName?methodName=GetUnitInfo&buildid=60600496.0
,,630105027049.0,https://www.chinabdc.cn/Tool/Config/QueryMethodName?methodName=GetUnitInfo&buildid=630105027049.0
,,630105056086.0,https://www.chinabdc.cn/Tool/Config/QueryMethodName?methodName=GetUnitInfo&buildid=630105056086.0
,,60600571.0,https://www.chinabdc.cn/Tool/Config/QueryMethodName?methodName=GetUnitInfo&buildid=60600571.0
,,4100000001738.0,https://www.chinabdc.cn/Tool/Config/QueryMethodName?methodName=GetUnitInfo&buildid=4100000001738.0
暂无数据,暂无数据,630105051049.0,https://www.chinabdc.cn/Tool/Config/QueryMethodName?methodName=GetUnitInfo&buildid=630105051049.0
,,630104027505.0,https://www.chinabdc.cn/Tool/Config/QueryMethodName?methodName=GetUnitInfo&buildid=630104027505.0
,,630104027502.0,https://www.chinabdc.cn/Tool/Config/QueryMethodName?methodName=GetUnitInfo&buildid=630104027502.0
,,630104027503.0,https://www.chinabdc.cn/Tool/Config/QueryMethodName?methodName=GetUnitInfo&buildid=630104027503.0
,,630104045609.0,https://www.chinabdc.cn/Tool/Config/QueryMethodName?methodName=GetUnitInfo&buildid=630104045609.0
,,4100000001741.0,https://www.chinabdc.cn/Tool/Config/QueryMethodName?methodName=GetUnitInfo&buildid=4100000001741.0
暂无数据,暂无数据,630105051065.0,https://www.chinabdc.cn/Tool/Config/QueryMethodName?methodName=GetUnitInfo&buildid=630105051065.0
暂无数据,暂无数据,630105056085.0,https://www.chinabdc.cn/Tool/Config/QueryMethodName?methodName=GetUnitInfo&buildid=630105056085.0
暂无数据,暂无数据,630105053647.0,https://www.chinabdc.cn/Tool/Config/QueryMethodName?methodName=GetUnitInfo&buildid=630105053647.0
暂无数据,暂无数据,630105056084.0,https://www.chinabdc.cn/Tool/Config/QueryMethodName?methodName=GetUnitInfo&buildid=630105056084.0
暂无数据,暂无数据,630105059061.0,https://www.chinabdc.cn/Tool/Config/QueryMethodName?methodName=GetUnitInfo&buildid=630105059061.0
,,630105053648.0,https://www.chinabdc.cn/Tool/Config/QueryMethodName?methodName=GetUnitInfo&buildid=630105053648.0
,,4100000000982.0,https://www.chinabdc.cn/Tool/Config/QueryMethodName?methodName=GetUnitInfo&buildid=4100000000982.0
,,4100000001737.0,https://www.chinabdc.cn/Tool/Config/QueryMethodName?methodName=GetUnitInfo&buildid=4100000001737.0
,,632802002649.0,https://www.chinabdc.cn/Tool/Config/QueryMethodName?methodName=GetUnitInfo&buildid=632802002649.0
,,632802002248.0,https://www.chinabdc.cn/Tool/Config/QueryMethodName?methodName=GetUnitInfo&buildid=632802002248.0
,,632802002627.0,https://www.chinabdc.cn/Tool/Config/QueryMethodName?methodName=GetUnitInfo&buildid=632802002627.0
,,632802002615.0,https://www.chinabdc.cn/Tool/Config/QueryMethodName?methodName=GetUnitInfo&buildid=632802002615.0
,,4100000000981.0,https://www.chinabdc.cn/Tool/Config/QueryMethodName?methodName=GetUnitInfo&buildid=4100000000981.0
,,632802002614.0,https://www.chinabdc.cn/Tool/Config/QueryMethodName?methodName=GetUnitInfo&buildid=632802002614.0
,,632802002631.0,https://www.chinabdc.cn/Tool/Config/QueryMethodName?methodName=GetUnitInfo&buildid=632802002631.0
,,632802002082.0,https://www.chinabdc.cn/Tool/Config/QueryMethodName?methodName=GetUnitInfo&buildid=632802002082.0
,,630103042657.0,https://www.chinabdc.cn/Tool/Config/QueryMethodName?methodName=GetUnitInfo&buildid=630103042657.0
暂无数据,暂无数据,630105053637.0,https://www.chinabdc.cn/Tool/Config/QueryMethodName?methodName=GetUnitInfo&buildid=630105053637.0
,,630103042655.0,https://www.chinabdc.cn/Tool/Config/QueryMethodName?methodName=GetUnitInfo&buildid=630103042655.0
,,630103042659.0,https://www.chinabdc.cn/Tool/Config/QueryMethodName?methodName=GetUnitInfo&buildid=630103042659.0
,,630103042653.0,https://www.chinabdc.cn/Tool/Config/QueryMethodName?methodName=GetUnitInfo&buildid=630103042653.0
,,630103042652.0,https://www.chinabdc.cn/Tool/Config/QueryMethodName?methodName=GetUnitInfo&buildid=630103042652.0
,,630103042651.0,https://www.chinabdc.cn/Tool/Config/QueryMethodName?methodName=GetUnitInfo&buildid=630103042651.0
,,630203013084.0,https://www.chinabdc.cn/Tool/Config/QueryMethodName?methodName=GetUnitInfo&buildid=630203013084.0
,,4100000000983.0,https://www.chinabdc.cn/Tool/Config/QueryMethodName?methodName=GetUnitInfo&buildid=4100000000983.0
,,630203007850.0,https://www.chinabdc.cn/Tool/Config/QueryMethodName?methodName=GetUnitInfo&buildid=630203007850.0
,,4100000001736.0,https://www.chinabdc.cn/Tool/Config/QueryMethodName?methodName=GetUnitInfo&buildid=4100000001736.0
,,630203016381.0,https://www.chinabdc.cn/Tool/Config/QueryMethodName?methodName=GetUnitInfo&buildid=630203016381.0
,,630103042656.0,https://www.chinabdc.cn/Tool/Config/QueryMethodName?methodName=GetUnitInfo&buildid=630103042656.0
,,630203018482.0,https://www.chinabdc.cn/Tool/Config/QueryMethodName?methodName=GetUnitInfo&buildid=630203018482.0
,,60485242.0,https://www.chinabdc.cn/Tool/Config/QueryMethodName?methodName=GetUnitInfo&buildid=60485242.0
,,4200000001001.0,https://www.chinabdc.cn/Tool/Config/QueryMethodName?methodName=GetUnitInfo&buildid=4200000001001.0
,,630203022261.0,https://www.chinabdc.cn/Tool/Config/QueryMethodName?methodName=GetUnitInfo&buildid=630203022261.0
,,630104046512.0,https://www.chinabdc.cn/Tool/Config/QueryMethodName?methodName=GetUnitInfo&buildid=630104046512.0
,,4200000001351.0,https://www.chinabdc.cn/Tool/Config/QueryMethodName?methodName=GetUnitInfo&buildid=4200000001351.0
,,60600941.0,https://www.chinabdc.cn/Tool/Config/QueryMethodName?methodName=GetUnitInfo&buildid=60600941.0
,,632523001947.0,https://www.chinabdc.cn/Tool/Config/QueryMethodName?methodName=GetUnitInfo&buildid=632523001947.0
,,60600806.0,https://www.chinabdc.cn/Tool/Config/QueryMethodName?methodName=GetUnitInfo&buildid=60600806.0
,,630203014857.0,https://www.chinabdc.cn/Tool/Config/QueryMethodName?methodName=GetUnitInfo&buildid=630203014857.0
暂无数据,暂无数据,630222018841.0,https://www.chinabdc.cn/Tool/Config/QueryMethodName?methodName=GetUnitInfo&buildid=630222018841.0
,,60539128.0,https://www.chinabdc.cn/Tool/Config/QueryMethodName?methodName=GetUnitInfo&buildid=60539128.0
,,60539123.0,https://www.chinabdc.cn/Tool/Config/QueryMethodName?methodName=GetUnitInfo&buildid=60539123.0
暂无数据,暂无数据,630222017566.0,https://www.chinabdc.cn/Tool/Config/QueryMethodName?methodName=GetUnitInfo&buildid=630222017566.0
,,630222017558.0,https://www.chinabdc.cn/Tool/Config/QueryMethodName?methodName=GetUnitInfo&buildid=630222017558.0
,,60539139.0,https://www.chinabdc.cn/Tool/Config/QueryMethodName?methodName=GetUnitInfo&buildid=60539139.0
,,630104047036.0,https://www.chinabdc.cn/Tool/Config/QueryMethodName?methodName=GetUnitInfo&buildid=630104047036.0
,,60539207.0,https://www.chinabdc.cn/Tool/Config/QueryMethodName?methodName=GetUnitInfo&buildid=60539207.0
,,630103041857.0,https://www.chinabdc.cn/Tool/Config/QueryMethodName?methodName=GetUnitInfo&buildid=630103041857.0
,,4000000009085.0,https://www.chinabdc.cn/Tool/Config/QueryMethodName?methodName=GetUnitInfo&buildid=4000000009085.0
暂无数据,暂无数据,630104042008.0,https://www.chinabdc.cn/Tool/Config/QueryMethodName?methodName=GetUnitInfo&buildid=630104042008.0
,,60767523.0,https://www.chinabdc.cn/Tool/Config/QueryMethodName?methodName=GetUnitInfo&buildid=60767523.0
,,4000000039988.0,https://www.chinabdc.cn/Tool/Config/QueryMethodName?methodName=GetUnitInfo&buildid=4000000039988.0
,,4300000002588.0,https://www.chinabdc.cn/Tool/Config/QueryMethodName?methodName=GetUnitInfo&buildid=4300000002588.0
暂无数据,暂无数据,61114608.0,https://www.chinabdc.cn/Tool/Config/QueryMethodName?methodName=GetUnitInfo&buildid=61114608.0
,,630222017561.0,https://www.chinabdc.cn/Tool/Config/QueryMethodName?methodName=GetUnitInfo&buildid=630222017561.0
,,632801010235.0,https://www.chinabdc.cn/Tool/Config/QueryMethodName?methodName=GetUnitInfo&buildid=632801010235.0
,,632801010237.0,https://www.chinabdc.cn/Tool/Config/QueryMethodName?methodName=GetUnitInfo&buildid=632801010237.0
,,632801010242.0,https://www.chinabdc.cn/Tool/Config/QueryMethodName?methodName=GetUnitInfo&buildid=632801010242.0
,,632801010238.0,https://www.chinabdc.cn/Tool/Config/QueryMethodName?methodName=GetUnitInfo&buildid=632801010238.0
暂无数据,暂无数据,60519307.0,https://www.chinabdc.cn/Tool/Config/QueryMethodName?methodName=GetUnitInfo&buildid=60519307.0
,,632801010234.0,https://www.chinabdc.cn/Tool/Config/QueryMethodName?methodName=GetUnitInfo&buildid=632801010234.0
,,632801010236.0,https://www.chinabdc.cn/Tool/Config/QueryMethodName?methodName=GetUnitInfo&buildid=632801010236.0
,,632801010232.0,https://www.chinabdc.cn/Tool/Config/QueryMethodName?methodName=GetUnitInfo&buildid=632801010232.0
,,632801010239.0,https://www.chinabdc.cn/Tool/Config/QueryMethodName?methodName=GetUnitInfo&buildid=632801010239.0
,,632801010241.0,https://www.chinabdc.cn/Tool/Config/QueryMethodName?methodName=GetUnitInfo&buildid=632801010241.0
,,4200000001682.0,https://www.chinabdc.cn/Tool/Config/QueryMethodName?methodName=GetUnitInfo&buildid=4200000001682.0
,,4200000001681.0,https://www.chinabdc.cn/Tool/Config/QueryMethodName?methodName=GetUnitInfo&buildid=4200000001681.0
,,632801010240.0,https://www.chinabdc.cn/Tool/Config/QueryMethodName?methodName=GetUnitInfo&buildid=632801010240.0
,,632802002157.0,https://www.chinabdc.cn/Tool/Config/QueryMethodName?methodName=GetUnitInfo&buildid=632802002157.0
,,632802002156.0,https://www.chinabdc.cn/Tool/Config/QueryMethodName?methodName=GetUnitInfo&buildid=632802002156.0
,,632801010233.0,https://www.chinabdc.cn/Tool/Config/QueryMethodName?methodName=GetUnitInfo&buildid=632801010233.0
暂无数据,暂无数据,630104050787.0,https://www.chinabdc.cn/Tool/Config/QueryMethodName?methodName=GetUnitInfo&buildid=630104050787.0
,,632802002159.0,https://www.chinabdc.cn/Tool/Config/QueryMethodName?methodName=GetUnitInfo&buildid=632802002159.0
,,60583682.0,https://www.chinabdc.cn/Tool/Config/QueryMethodName?methodName=GetUnitInfo&buildid=60583682.0
,,60583680.0,https://www.chinabdc.cn/Tool/Config/QueryMethodName?methodName=GetUnitInfo&buildid=60583680.0
,,60583688.0,https://www.chinabdc.cn/Tool/Config/QueryMethodName?methodName=GetUnitInfo&buildid=60583688.0
,,60583679.0,https://www.chinabdc.cn/Tool/Config/QueryMethodName?methodName=GetUnitInfo&buildid=60583679.0
,,630104005436.0,https://www.chinabdc.cn/Tool/Config/QueryMethodName?methodName=GetUnitInfo&buildid=630104005436.0
,,632802002158.0,https://www.chinabdc.cn/Tool/Config/QueryMethodName?methodName=GetUnitInfo&buildid=632802002158.0
,,60583684.0,https://www.chinabdc.cn/Tool/Config/QueryMethodName?methodName=GetUnitInfo&buildid=60583684.0
,,60583683.0,https://www.chinabdc.cn/Tool/Config/QueryMethodName?methodName=GetUnitInfo&buildid=60583683.0
,,60583677.0,https://www.chinabdc.cn/Tool/Config/QueryMethodName?methodName=GetUnitInfo&buildid=60583677.0
,,60583741.0,https://www.chinabdc.cn/Tool/Config/QueryMethodName?methodName=GetUnitInfo&buildid=60583741.0
,,60552220.0,https://www.chinabdc.cn/Tool/Config/QueryMethodName?methodName=GetUnitInfo&buildid=60552220.0
,,60552222.0,https://www.chinabdc.cn/Tool/Config/QueryMethodName?methodName=GetUnitInfo&buildid=60552222.0
,,60583678.0,https://www.chinabdc.cn/Tool/Config/QueryMethodName?methodName=GetUnitInfo&buildid=60583678.0
,,60552212.0,https://www.chinabdc.cn/Tool/Config/QueryMethodName?methodName=GetUnitInfo&buildid=60552212.0
,,60583686.0,https://www.chinabdc.cn/Tool/Config/QueryMethodName?methodName=GetUnitInfo&buildid=60583686.0
,,60583681.0,https://www.chinabdc.cn/Tool/Config/QueryMethodName?methodName=GetUnitInfo&buildid=60583681.0
,,60583685.0,https://www.chinabdc.cn/Tool/Config/QueryMethodName?methodName=GetUnitInfo&buildid=60583685.0
,,60552316.0,https://www.chinabdc.cn/Tool/Config/QueryMethodName?methodName=GetUnitInfo&buildid=60552316.0
,,60552232.0,https://www.chinabdc.cn/Tool/Config/QueryMethodName?methodName=GetUnitInfo&buildid=60552232.0
,,60583687.0,https://www.chinabdc.cn/Tool/Config/QueryMethodName?methodName=GetUnitInfo&buildid=60583687.0
,,60552317.0,https://www.chinabdc.cn/Tool/Config/QueryMethodName?methodName=GetUnitInfo&buildid=60552317.0
,,60552307.0,https://www.chinabdc.cn/Tool/Config/QueryMethodName?methodName=GetUnitInfo&buildid=60552307.0
,,60552228.0,https://www.chinabdc.cn/Tool/Config/QueryMethodName?methodName=GetUnitInfo&buildid=60552228.0
,,60552306.0,https://www.chinabdc.cn/Tool/Config/QueryMethodName?methodName=GetUnitInfo&buildid=60552306.0
,,60552311.0,https://www.chinabdc.cn/Tool/Config/QueryMethodName?methodName=GetUnitInfo&buildid=60552311.0
,,60552313.0,https://www.chinabdc.cn/Tool/Config/QueryMethodName?methodName=GetUnitInfo&buildid=60552313.0
,,60552310.0,https://www.chinabdc.cn/Tool/Config/QueryMethodName?methodName=GetUnitInfo&buildid=60552310.0
,,60552216.0,https://www.chinabdc.cn/Tool/Config/QueryMethodName?methodName=GetUnitInfo&buildid=60552216.0
,,4200000002803.0,https://www.chinabdc.cn/Tool/Config/QueryMethodName?methodName=GetUnitInfo&buildid=4200000002803.0
,,60552309.0,https://www.chinabdc.cn/Tool/Config/QueryMethodName?methodName=GetUnitInfo&buildid=60552309.0
,,4200000000581.0,https://www.chinabdc.cn/Tool/Config/QueryMethodName?methodName=GetUnitInfo&buildid=4200000000581.0
,,630105027793.0,https://www.chinabdc.cn/Tool/Config/QueryMethodName?methodName=GetUnitInfo&buildid=630105027793.0
,,630105027784.0,https://www.chinabdc.cn/Tool/Config/QueryMethodName?methodName=GetUnitInfo&buildid=630105027784.0
,,630105027792.0,https://www.chinabdc.cn/Tool/Config/QueryMethodName?methodName=GetUnitInfo&buildid=630105027792.0
,,630103006941.0,https://www.chinabdc.cn/Tool/Config/QueryMethodName?methodName=GetUnitInfo&buildid=630103006941.0
,,630103046729.0,https://www.chinabdc.cn/Tool/Config/QueryMethodName?methodName=GetUnitInfo&buildid=630103046729.0
,,4200000004006.0,https://www.chinabdc.cn/Tool/Config/QueryMethodName?methodName=GetUnitInfo&buildid=4200000004006.0
,,630202004828.0,https://www.chinabdc.cn/Tool/Config/QueryMethodName?methodName=GetUnitInfo&buildid=630202004828.0
,,630202006288.0,https://www.chinabdc.cn/Tool/Config/QueryMethodName?methodName=GetUnitInfo&buildid=630202006288.0
,,630202010280.0,https://www.chinabdc.cn/Tool/Config/QueryMethodName?methodName=GetUnitInfo&buildid=630202010280.0
,,4200000000624.0,https://www.chinabdc.cn/Tool/Config/QueryMethodName?methodName=GetUnitInfo&buildid=4200000000624.0
,,4200000001292.0,https://www.chinabdc.cn/Tool/Config/QueryMethodName?methodName=GetUnitInfo&buildid=4200000001292.0
,,4200000003280.0,https://www.chinabdc.cn/Tool/Config/QueryMethodName?methodName=GetUnitInfo&buildid=4200000003280.0
,,630105052835.0,https://www.chinabdc.cn/Tool/Config/QueryMethodName?methodName=GetUnitInfo&buildid=630105052835.0
,,630202004777.0,https://www.chinabdc.cn/Tool/Config/QueryMethodName?methodName=GetUnitInfo&buildid=630202004777.0
,,630105027780.0,https://www.chinabdc.cn/Tool/Config/QueryMethodName?methodName=GetUnitInfo&buildid=630105027780.0
,,630105027791.0,https://www.chinabdc.cn/Tool/Config/QueryMethodName?methodName=GetUnitInfo&buildid=630105027791.0
,,630105053267.0,https://www.chinabdc.cn/Tool/Config/QueryMethodName?methodName=GetUnitInfo&buildid=630105053267.0
,,630105027788.0,https://www.chinabdc.cn/Tool/Config/QueryMethodName?methodName=GetUnitInfo&buildid=630105027788.0
,,630105027763.0,https://www.chinabdc.cn/Tool/Config/QueryMethodName?methodName=GetUnitInfo&buildid=630105027763.0
,,630105027767.0,https://www.chinabdc.cn/Tool/Config/QueryMethodName?methodName=GetUnitInfo&buildid=630105027767.0
,,630102043919.0,https://www.chinabdc.cn/Tool/Config/QueryMethodName?methodName=GetUnitInfo&buildid=630102043919.0
,,630105027765.0,https://www.chinabdc.cn/Tool/Config/QueryMethodName?methodName=GetUnitInfo&buildid=630105027765.0
,,630104028394.0,https://www.chinabdc.cn/Tool/Config/QueryMethodName?methodName=GetUnitInfo&buildid=630104028394.0
,,4000000020395.0,https://www.chinabdc.cn/Tool/Config/QueryMethodName?methodName=GetUnitInfo&buildid=4000000020395.0
,,630105027764.0,https://www.chinabdc.cn/Tool/Config/QueryMethodName?methodName=GetUnitInfo&buildid=630105027764.0
,,4300000003216.0,https://www.chinabdc.cn/Tool/Config/QueryMethodName?methodName=GetUnitInfo&buildid=4300000003216.0
,,630102043918.0,https://www.chinabdc.cn/Tool/Config/QueryMethodName?methodName=GetUnitInfo&buildid=630102043918.0
,,630223008947.0,https://www.chinabdc.cn/Tool/Config/QueryMethodName?methodName=GetUnitInfo&buildid=630223008947.0
,,630104055822.0,https://www.chinabdc.cn/Tool/Config/QueryMethodName?methodName=GetUnitInfo&buildid=630104055822.0
,,630102043920.0,https://www.chinabdc.cn/Tool/Config/QueryMethodName?methodName=GetUnitInfo&buildid=630102043920.0
,,4300000003218.0,https://www.chinabdc.cn/Tool/Config/QueryMethodName?methodName=GetUnitInfo&buildid=4300000003218.0
,,630104055803.0,https://www.chinabdc.cn/Tool/Config/QueryMethodName?methodName=GetUnitInfo&buildid=630104055803.0
,,630104055810.0,https://www.chinabdc.cn/Tool/Config/QueryMethodName?methodName=GetUnitInfo&buildid=630104055810.0
,,630104055819.0,https://www.chinabdc.cn/Tool/Config/QueryMethodName?methodName=GetUnitInfo&buildid=630104055819.0
,,630104055800.0,https://www.chinabdc.cn/Tool/Config/QueryMethodName?methodName=GetUnitInfo&buildid=630104055800.0
,,630104055801.0,https://www.chinabdc.cn/Tool/Config/QueryMethodName?methodName=GetUnitInfo&buildid=630104055801.0
,,630104055799.0,https://www.chinabdc.cn/Tool/Config/QueryMethodName?methodName=GetUnitInfo&buildid=630104055799.0
,,630223008915.0,https://www.chinabdc.cn/Tool/Config/QueryMethodName?methodName=GetUnitInfo&buildid=630223008915.0
,,630104055809.0,https://www.chinabdc.cn/Tool/Config/QueryMethodName?methodName=GetUnitInfo&buildid=630104055809.0
,,630104055793.0,https://www.chinabdc.cn/Tool/Config/QueryMethodName?methodName=GetUnitInfo&buildid=630104055793.0
,,630223008922.0,https://www.chinabdc.cn/Tool/Config/QueryMethodName?methodName=GetUnitInfo&buildid=630223008922.0
,,630202006496.0,https://www.chinabdc.cn/Tool/Config/QueryMethodName?methodName=GetUnitInfo&buildid=630202006496.0
暂无数据,暂无数据,630104055791.0,https://www.chinabdc.cn/Tool/Config/QueryMethodName?methodName=GetUnitInfo&buildid=630104055791.0
,,4000000039431.0,https://www.chinabdc.cn/Tool/Config/QueryMethodName?methodName=GetUnitInfo&buildid=4000000039431.0
,,4000000041532.0,https://www.chinabdc.cn/Tool/Config/QueryMethodName?methodName=GetUnitInfo&buildid=4000000041532.0
,,630102048659.0,https://www.chinabdc.cn/Tool/Config/QueryMethodName?methodName=GetUnitInfo&buildid=630102048659.0
,,630104055808.0,https://www.chinabdc.cn/Tool/Config/QueryMethodName?methodName=GetUnitInfo&buildid=630104055808.0
,,630104055817.0,https://www.chinabdc.cn/Tool/Config/QueryMethodName?methodName=GetUnitInfo&buildid=630104055817.0
,,4000000041348.0,https://www.chinabdc.cn/Tool/Config/QueryMethodName?methodName=GetUnitInfo&buildid=4000000041348.0
,,630104055802.0,https://www.chinabdc.cn/Tool/Config/QueryMethodName?methodName=GetUnitInfo&buildid=630104055802.0
,,630104055827.0,https://www.chinabdc.cn/Tool/Config/QueryMethodName?methodName=GetUnitInfo&buildid=630104055827.0
,,630104055823.0,https://www.chinabdc.cn/Tool/Config/QueryMethodName?methodName=GetUnitInfo&buildid=630104055823.0
,,4200000002302.0,https://www.chinabdc.cn/Tool/Config/QueryMethodName?methodName=GetUnitInfo&buildid=4200000002302.0
,,4200000003895.0,https://www.chinabdc.cn/Tool/Config/QueryMethodName?methodName=GetUnitInfo&buildid=4200000003895.0
,,630223009040.0,https://www.chinabdc.cn/Tool/Config/QueryMethodName?methodName=GetUnitInfo&buildid=630223009040.0
,,630223008945.0,https://www.chinabdc.cn/Tool/Config/QueryMethodName?methodName=GetUnitInfo&buildid=630223008945.0
,,630223008923.0,https://www.chinabdc.cn/Tool/Config/QueryMethodName?methodName=GetUnitInfo&buildid=630223008923.0
,,630223008946.0,https://www.chinabdc.cn/Tool/Config/QueryMethodName?methodName=GetUnitInfo&buildid=630223008946.0
,,630223008911.0,https://www.chinabdc.cn/Tool/Config/QueryMethodName?methodName=GetUnitInfo&buildid=630223008911.0
,,630223002857.0,https://www.chinabdc.cn/Tool/Config/QueryMethodName?methodName=GetUnitInfo&buildid=630223002857.0
,,630223009561.0,https://www.chinabdc.cn/Tool/Config/QueryMethodName?methodName=GetUnitInfo&buildid=630223009561.0
,,630223002855.0,https://www.chinabdc.cn/Tool/Config/QueryMethodName?methodName=GetUnitInfo&buildid=630223002855.0
,,630223008926.0,https://www.chinabdc.cn/Tool/Config/QueryMethodName?methodName=GetUnitInfo&buildid=630223008926.0
,,630223008898.0,https://www.chinabdc.cn/Tool/Config/QueryMethodName?methodName=GetUnitInfo&buildid=630223008898.0
暂无数据,暂无数据,630104055789.0,https://www.chinabdc.cn/Tool/Config/QueryMethodName?methodName=GetUnitInfo&buildid=630104055789.0
,,630223008942.0,https://www.chinabdc.cn/Tool/Config/QueryMethodName?methodName=GetUnitInfo&buildid=630223008942.0
,,4000000014568.0,https://www.chinabdc.cn/Tool/Config/QueryMethodName?methodName=GetUnitInfo&buildid=4000000014568.0
,,630223008940.0,https://www.chinabdc.cn/Tool/Config/QueryMethodName?methodName=GetUnitInfo&buildid=630223008940.0
,,630223008899.0,https://www.chinabdc.cn/Tool/Config/QueryMethodName?methodName=GetUnitInfo&buildid=630223008899.0
,,4000000015084.0,https://www.chinabdc.cn/Tool/Config/QueryMethodName?methodName=GetUnitInfo&buildid=4000000015084.0
,,4200000003894.0,https://www.chinabdc.cn/Tool/Config/QueryMethodName?methodName=GetUnitInfo&buildid=4200000003894.0
,,4000000041447.0,https://www.chinabdc.cn/Tool/Config/QueryMethodName?methodName=GetUnitInfo&buildid=4000000041447.0
,,630223008944.0,https://www.chinabdc.cn/Tool/Config/QueryMethodName?methodName=GetUnitInfo&buildid=630223008944.0
暂无数据,暂无数据,630104055788.0,https://www.chinabdc.cn/Tool/Config/QueryMethodName?methodName=GetUnitInfo&buildid=630104055788.0
暂无数据,暂无数据,630104055779.0,https://www.chinabdc.cn/Tool/Config/QueryMethodName?methodName=GetUnitInfo&buildid=630104055779.0
,,630223002856.0,https://www.chinabdc.cn/Tool/Config/QueryMethodName?methodName=GetUnitInfo&buildid=630223002856.0
,,4000000039711.0,https://www.chinabdc.cn/Tool/Config/QueryMethodName?methodName=GetUnitInfo&buildid=4000000039711.0
,,632801010229.0,https://www.chinabdc.cn/Tool/Config/QueryMethodName?methodName=GetUnitInfo&buildid=632801010229.0
暂无数据,暂无数据,630104055771.0,https://www.chinabdc.cn/Tool/Config/QueryMethodName?methodName=GetUnitInfo&buildid=630104055771.0
暂无数据,暂无数据,630104055775.0,https://www.chinabdc.cn/Tool/Config/QueryMethodName?methodName=GetUnitInfo&buildid=630104055775.0
,,630223008927.0,https://www.chinabdc.cn/Tool/Config/QueryMethodName?methodName=GetUnitInfo&buildid=630223008927.0
,,630102054646.0,https://www.chinabdc.cn/Tool/Config/QueryMethodName?methodName=GetUnitInfo&buildid=630102054646.0
,,632801010228.0,https://www.chinabdc.cn/Tool/Config/QueryMethodName?methodName=GetUnitInfo&buildid=632801010228.0
,,630102054656.0,https://www.chinabdc.cn/Tool/Config/QueryMethodName?methodName=GetUnitInfo&buildid=630102054656.0
,,630102049346.0,https://www.chinabdc.cn/Tool/Config/QueryMethodName?methodName=GetUnitInfo&buildid=630102049346.0
,,4100000000373.0,https://www.chinabdc.cn/Tool/Config/QueryMethodName?methodName=GetUnitInfo&buildid=4100000000373.0
,,630102054647.0,https://www.chinabdc.cn/Tool/Config/QueryMethodName?methodName=GetUnitInfo&buildid=630102054647.0
,,630102054657.0,https://www.chinabdc.cn/Tool/Config/QueryMethodName?methodName=GetUnitInfo&buildid=630102054657.0
,,4200000002436.0,https://www.chinabdc.cn/Tool/Config/QueryMethodName?methodName=GetUnitInfo&buildid=4200000002436.0
,,4100000002035.0,https://www.chinabdc.cn/Tool/Config/QueryMethodName?methodName=GetUnitInfo&buildid=4100000002035.0
暂无数据,暂无数据,630203007769.0,https://www.chinabdc.cn/Tool/Config/QueryMethodName?methodName=GetUnitInfo&buildid=630203007769.0
,,630223008900.0,https://www.chinabdc.cn/Tool/Config/QueryMethodName?methodName=GetUnitInfo&buildid=630223008900.0
暂无数据,暂无数据,630223016383.0,https://www.chinabdc.cn/Tool/Config/QueryMethodName?methodName=GetUnitInfo&buildid=630223016383.0
暂无数据,暂无数据,630202006571.0,https://www.chinabdc.cn/Tool/Config/QueryMethodName?methodName=GetUnitInfo&buildid=630202006571.0
暂无数据,暂无数据,630102045902.0,https://www.chinabdc.cn/Tool/Config/QueryMethodName?methodName=GetUnitInfo&buildid=630102045902.0
,,4200000009908.0,https://www.chinabdc.cn/Tool/Config/QueryMethodName?methodName=GetUnitInfo&buildid=4200000009908.0
,,632801010230.0,https://www.chinabdc.cn/Tool/Config/QueryMethodName?methodName=GetUnitInfo&buildid=632801010230.0
,,4000000007674.0,https://www.chinabdc.cn/Tool/Config/QueryMethodName?methodName=GetUnitInfo&buildid=4000000007674.0
,,630223006942.0,https://www.chinabdc.cn/Tool/Config/QueryMethodName?methodName=GetUnitInfo&buildid=630223006942.0
,,630223016394.0,https://www.chinabdc.cn/Tool/Config/QueryMethodName?methodName=GetUnitInfo&buildid=630223016394.0
,,4000000013053.0,https://www.chinabdc.cn/Tool/Config/QueryMethodName?methodName=GetUnitInfo&buildid=4000000013053.0
,,4200000000075.0,https://www.chinabdc.cn/Tool/Config/QueryMethodName?methodName=GetUnitInfo&buildid=4200000000075.0
,,630223006952.0,https://www.chinabdc.cn/Tool/Config/QueryMethodName?methodName=GetUnitInfo&buildid=630223006952.0
暂无数据,暂无数据,630104049102.0,https://www.chinabdc.cn/Tool/Config/QueryMethodName?methodName=GetUnitInfo&buildid=630104049102.0
,,4100000003075.0,https://www.chinabdc.cn/Tool/Config/QueryMethodName?methodName=GetUnitInfo&buildid=4100000003075.0
,,630223014875.0,https://www.chinabdc.cn/Tool/Config/QueryMethodName?methodName=GetUnitInfo&buildid=630223014875.0
暂无数据,暂无数据,630105058233.0,https://www.chinabdc.cn/Tool/Config/QueryMethodName?methodName=GetUnitInfo&buildid=630105058233.0
,,4100000003073.0,https://www.chinabdc.cn/Tool/Config/QueryMethodName?methodName=GetUnitInfo&buildid=4100000003073.0
,,630104046413.0,https://www.chinabdc.cn/Tool/Config/QueryMethodName?methodName=GetUnitInfo&buildid=630104046413.0
,,630104053661.0,https://www.chinabdc.cn/Tool/Config/QueryMethodName?methodName=GetUnitInfo&buildid=630104053661.0
,,4100000002031.0,https://www.chinabdc.cn/Tool/Config/QueryMethodName?methodName=GetUnitInfo&buildid=4100000002031.0
,,630223014861.0,https://www.chinabdc.cn/Tool/Config/QueryMethodName?methodName=GetUnitInfo&buildid=630223014861.0
暂无数据,暂无数据,630105058238.0,https://www.chinabdc.cn/Tool/Config/QueryMethodName?methodName=GetUnitInfo&buildid=630105058238.0
,,630223014876.0,https://www.chinabdc.cn/Tool/Config/QueryMethodName?methodName=GetUnitInfo&buildid=630223014876.0
暂无数据,暂无数据,630105058237.0,https://www.chinabdc.cn/Tool/Config/QueryMethodName?methodName=GetUnitInfo&buildid=630105058237.0
,,630223014877.0,https://www.chinabdc.cn/Tool/Config/QueryMethodName?methodName=GetUnitInfo&buildid=630223014877.0
,,630103053750.0,https://www.chinabdc.cn/Tool/Config/QueryMethodName?methodName=GetUnitInfo&buildid=630103053750.0
,,630105058239.0,https://www.chinabdc.cn/Tool/Config/QueryMethodName?methodName=GetUnitInfo&buildid=630105058239.0
暂无数据,暂无数据,630104053649.0,https://www.chinabdc.cn/Tool/Config/QueryMethodName?methodName=GetUnitInfo&buildid=630104053649.0
,,4100000002032.0,https://www.chinabdc.cn/Tool/Config/QueryMethodName?methodName=GetUnitInfo&buildid=4100000002032.0
,,4300000005488.0,https://www.chinabdc.cn/Tool/Config/QueryMethodName?methodName=GetUnitInfo&buildid=4300000005488.0
63050138360900000002,中国建设银行,60556171.0,https://www.chinabdc.cn/Tool/Config/QueryMethodName?methodName=GetUnitInfo&buildid=60556171.0
暂无数据,暂无数据,630104053655.0,https://www.chinabdc.cn/Tool/Config/QueryMethodName?methodName=GetUnitInfo&buildid=630104053655.0
暂无数据,暂无数据,630104053634.0,https://www.chinabdc.cn/Tool/Config/QueryMethodName?methodName=GetUnitInfo&buildid=630104053634.0
,,630104046415.0,https://www.chinabdc.cn/Tool/Config/QueryMethodName?methodName=GetUnitInfo&buildid=630104046415.0
暂无数据,暂无数据,630104053646.0,https://www.chinabdc.cn/Tool/Config/QueryMethodName?methodName=GetUnitInfo&buildid=630104053646.0
,,630104046419.0,https://www.chinabdc.cn/Tool/Config/QueryMethodName?methodName=GetUnitInfo&buildid=630104046419.0
,,4100000003074.0,https://www.chinabdc.cn/Tool/Config/QueryMethodName?methodName=GetUnitInfo&buildid=4100000003074.0
,,4000000027462.0,https://www.chinabdc.cn/Tool/Config/QueryMethodName?methodName=GetUnitInfo&buildid=4000000027462.0
,,4000000029317.0,https://www.chinabdc.cn/Tool/Config/QueryMethodName?methodName=GetUnitInfo&buildid=4000000029317.0
暂无数据,暂无数据,4000000029312.0,https://www.chinabdc.cn/Tool/Config/QueryMethodName?methodName=GetUnitInfo&buildid=4000000029312.0
,,630104046417.0,https://www.chinabdc.cn/Tool/Config/QueryMethodName?methodName=GetUnitInfo&buildid=630104046417.0
暂无数据,暂无数据,4000000029264.0,https://www.chinabdc.cn/Tool/Config/QueryMethodName?methodName=GetUnitInfo&buildid=4000000029264.0
,,630104046418.0,https://www.chinabdc.cn/Tool/Config/QueryMethodName?methodName=GetUnitInfo&buildid=630104046418.0
,,630104046416.0,https://www.chinabdc.cn/Tool/Config/QueryMethodName?methodName=GetUnitInfo&buildid=630104046416.0
63050138360900000002,中国建设银行,60556340.0,https://www.chinabdc.cn/Tool/Config/QueryMethodName?methodName=GetUnitInfo&buildid=60556340.0
,,4100000001806.0,https://www.chinabdc.cn/Tool/Config/QueryMethodName?methodName=GetUnitInfo&buildid=4100000001806.0
,,4100000002083.0,https://www.chinabdc.cn/Tool/Config/QueryMethodName?methodName=GetUnitInfo&buildid=4100000002083.0
,,4100000002081.0,https://www.chinabdc.cn/Tool/Config/QueryMethodName?methodName=GetUnitInfo&buildid=4100000002081.0
,,630105030336.0,https://www.chinabdc.cn/Tool/Config/QueryMethodName?methodName=GetUnitInfo&buildid=630105030336.0
,,630105030332.0,https://www.chinabdc.cn/Tool/Config/QueryMethodName?methodName=GetUnitInfo&buildid=630105030332.0
,,630105030331.0,https://www.chinabdc.cn/Tool/Config/QueryMethodName?methodName=GetUnitInfo&buildid=630105030331.0
,,630105030338.0,https://www.chinabdc.cn/Tool/Config/QueryMethodName?methodName=GetUnitInfo&buildid=630105030338.0
,,630105030330.0,https://www.chinabdc.cn/Tool/Config/QueryMethodName?methodName=GetUnitInfo&buildid=630105030330.0
,,4100000001767.0,https://www.chinabdc.cn/Tool/Config/QueryMethodName?methodName=GetUnitInfo&buildid=4100000001767.0
,,4000000009577.0,https://www.chinabdc.cn/Tool/Config/QueryMethodName?methodName=GetUnitInfo&buildid=4000000009577.0
,,4100000000472.0,https://www.chinabdc.cn/Tool/Config/QueryMethodName?methodName=GetUnitInfo&buildid=4100000000472.0
,,630104004478.0,https://www.chinabdc.cn/Tool/Config/QueryMethodName?methodName=GetUnitInfo&buildid=630104004478.0
,,630105030340.0,https://www.chinabdc.cn/Tool/Config/QueryMethodName?methodName=GetUnitInfo&buildid=630105030340.0
,,630105030329.0,https://www.chinabdc.cn/Tool/Config/QueryMethodName?methodName=GetUnitInfo&buildid=630105030329.0
63050138360900000002,中国建设银行,60556009.0,https://www.chinabdc.cn/Tool/Config/QueryMethodName?methodName=GetUnitInfo&buildid=60556009.0
,,630105030327.0,https://www.chinabdc.cn/Tool/Config/QueryMethodName?methodName=GetUnitInfo&buildid=630105030327.0
,,4100000000348.0,https://www.chinabdc.cn/Tool/Config/QueryMethodName?methodName=GetUnitInfo&buildid=4100000000348.0
,,630105030324.0,https://www.chinabdc.cn/Tool/Config/QueryMethodName?methodName=GetUnitInfo&buildid=630105030324.0
,,4100000003107.0,https://www.chinabdc.cn/Tool/Config/QueryMethodName?methodName=GetUnitInfo&buildid=4100000003107.0
,,4100000000471.0,https://www.chinabdc.cn/Tool/Config/QueryMethodName?methodName=GetUnitInfo&buildid=4100000000471.0
,,4100000001768.0,https://www.chinabdc.cn/Tool/Config/QueryMethodName?methodName=GetUnitInfo&buildid=4100000001768.0
,,4100000000349.0,https://www.chinabdc.cn/Tool/Config/QueryMethodName?methodName=GetUnitInfo&buildid=4100000000349.0
,,4100000000153.0,https://www.chinabdc.cn/Tool/Config/QueryMethodName?methodName=GetUnitInfo&buildid=4100000000153.0
,,4100000000288.0,https://www.chinabdc.cn/Tool/Config/QueryMethodName?methodName=GetUnitInfo&buildid=4100000000288.0
,,4100000000152.0,https://www.chinabdc.cn/Tool/Config/QueryMethodName?methodName=GetUnitInfo&buildid=4100000000152.0
,,4100000000151.0,https://www.chinabdc.cn/Tool/Config/QueryMethodName?methodName=GetUnitInfo&buildid=4100000000151.0
,,4100000000131.0,https://www.chinabdc.cn/Tool/Config/QueryMethodName?methodName=GetUnitInfo&buildid=4100000000131.0
,,4100000001940.0,https://www.chinabdc.cn/Tool/Config/QueryMethodName?methodName=GetUnitInfo&buildid=4100000001940.0
,,4100000001941.0,https://www.chinabdc.cn/Tool/Config/QueryMethodName?methodName=GetUnitInfo&buildid=4100000001941.0
,,4100000001944.0,https://www.chinabdc.cn/Tool/Config/QueryMethodName?methodName=GetUnitInfo&buildid=4100000001944.0
,,4100000001942.0,https://www.chinabdc.cn/Tool/Config/QueryMethodName?methodName=GetUnitInfo&buildid=4100000001942.0
,,4100000003147.0,https://www.chinabdc.cn/Tool/Config/QueryMethodName?methodName=GetUnitInfo&buildid=4100000003147.0
,,4200000000515.0,https://www.chinabdc.cn/Tool/Config/QueryMethodName?methodName=GetUnitInfo&buildid=4200000000515.0
,,60598444.0,https://www.chinabdc.cn/Tool/Config/QueryMethodName?methodName=GetUnitInfo&buildid=60598444.0
,,60523914.0,https://www.chinabdc.cn/Tool/Config/QueryMethodName?methodName=GetUnitInfo&buildid=60523914.0
,,630203023444.0,https://www.chinabdc.cn/Tool/Config/QueryMethodName?methodName=GetUnitInfo&buildid=630203023444.0
,,60598574.0,https://www.chinabdc.cn/Tool/Config/QueryMethodName?methodName=GetUnitInfo&buildid=60598574.0
,,630203023446.0,https://www.chinabdc.cn/Tool/Config/QueryMethodName?methodName=GetUnitInfo&buildid=630203023446.0
,,60539430.0,https://www.chinabdc.cn/Tool/Config/QueryMethodName?methodName=GetUnitInfo&buildid=60539430.0
,,60524005.0,https://www.chinabdc.cn/Tool/Config/QueryMethodName?methodName=GetUnitInfo&buildid=60524005.0
,,630103045193.0,https://www.chinabdc.cn/Tool/Config/QueryMethodName?methodName=GetUnitInfo&buildid=630103045193.0
,,630103044939.0,https://www.chinabdc.cn/Tool/Config/QueryMethodName?methodName=GetUnitInfo&buildid=630103044939.0
,,4000000023013.0,https://www.chinabdc.cn/Tool/Config/QueryMethodName?methodName=GetUnitInfo&buildid=4000000023013.0
,,630103044938.0,https://www.chinabdc.cn/Tool/Config/QueryMethodName?methodName=GetUnitInfo&buildid=630103044938.0
,,630203013703.0,https://www.chinabdc.cn/Tool/Config/QueryMethodName?methodName=GetUnitInfo&buildid=630203013703.0
,,630203015546.0,https://www.chinabdc.cn/Tool/Config/QueryMethodName?methodName=GetUnitInfo&buildid=630203015546.0
,,630203023445.0,https://www.chinabdc.cn/Tool/Config/QueryMethodName?methodName=GetUnitInfo&buildid=630203023445.0
,,630203014096.0,https://www.chinabdc.cn/Tool/Config/QueryMethodName?methodName=GetUnitInfo&buildid=630203014096.0
,,4100000001945.0,https://www.chinabdc.cn/Tool/Config/QueryMethodName?methodName=GetUnitInfo&buildid=4100000001945.0
,,630203013930.0,https://www.chinabdc.cn/Tool/Config/QueryMethodName?methodName=GetUnitInfo&buildid=630203013930.0
,,630203013702.0,https://www.chinabdc.cn/Tool/Config/QueryMethodName?methodName=GetUnitInfo&buildid=630203013702.0
,,630203015545.0,https://www.chinabdc.cn/Tool/Config/QueryMethodName?methodName=GetUnitInfo&buildid=630203015545.0
,,630103054736.0,https://www.chinabdc.cn/Tool/Config/QueryMethodName?methodName=GetUnitInfo&buildid=630103054736.0
,,4000000014406.0,https://www.chinabdc.cn/Tool/Config/QueryMethodName?methodName=GetUnitInfo&buildid=4000000014406.0
,,630203015498.0,https://www.chinabdc.cn/Tool/Config/QueryMethodName?methodName=GetUnitInfo&buildid=630203015498.0
,,630203012460.0,https://www.chinabdc.cn/Tool/Config/QueryMethodName?methodName=GetUnitInfo&buildid=630203012460.0
,,61042754.0,https://www.chinabdc.cn/Tool/Config/QueryMethodName?methodName=GetUnitInfo&buildid=61042754.0
,,630105044988.0,https://www.chinabdc.cn/Tool/Config/QueryMethodName?methodName=GetUnitInfo&buildid=630105044988.0
,,630203020247.0,https://www.chinabdc.cn/Tool/Config/QueryMethodName?methodName=GetUnitInfo&buildid=630203020247.0
,,61042671.0,https://www.chinabdc.cn/Tool/Config/QueryMethodName?methodName=GetUnitInfo&buildid=61042671.0
,,61042570.0,https://www.chinabdc.cn/Tool/Config/QueryMethodName?methodName=GetUnitInfo&buildid=61042570.0
,,60766143.0,https://www.chinabdc.cn/Tool/Config/QueryMethodName?methodName=GetUnitInfo&buildid=60766143.0
,,60773203.0,https://www.chinabdc.cn/Tool/Config/QueryMethodName?methodName=GetUnitInfo&buildid=60773203.0
,,60766142.0,https://www.chinabdc.cn/Tool/Config/QueryMethodName?methodName=GetUnitInfo&buildid=60766142.0
,,61004280.0,https://www.chinabdc.cn/Tool/Config/QueryMethodName?methodName=GetUnitInfo&buildid=61004280.0
,,61042763.0,https://www.chinabdc.cn/Tool/Config/QueryMethodName?methodName=GetUnitInfo&buildid=61042763.0
,,4200000001274.0,https://www.chinabdc.cn/Tool/Config/QueryMethodName?methodName=GetUnitInfo&buildid=4200000001274.0
,,61042422.0,https://www.chinabdc.cn/Tool/Config/QueryMethodName?methodName=GetUnitInfo&buildid=61042422.0
,,4200000001294.0,https://www.chinabdc.cn/Tool/Config/QueryMethodName?methodName=GetUnitInfo&buildid=4200000001294.0
,,4200000001271.0,https://www.chinabdc.cn/Tool/Config/QueryMethodName?methodName=GetUnitInfo&buildid=4200000001271.0
,,4200000001270.0,https://www.chinabdc.cn/Tool/Config/QueryMethodName?methodName=GetUnitInfo&buildid=4200000001270.0
,,4200000001295.0,https://www.chinabdc.cn/Tool/Config/QueryMethodName?methodName=GetUnitInfo&buildid=4200000001295.0
,,4200000001267.0,https://www.chinabdc.cn/Tool/Config/QueryMethodName?methodName=GetUnitInfo&buildid=4200000001267.0
,,4200000001280.0,https://www.chinabdc.cn/Tool/Config/QueryMethodName?methodName=GetUnitInfo&buildid=4200000001280.0
,,4200000002040.0,https://www.chinabdc.cn/Tool/Config/QueryMethodName?methodName=GetUnitInfo&buildid=4200000002040.0
,,4200000001275.0,https://www.chinabdc.cn/Tool/Config/QueryMethodName?methodName=GetUnitInfo&buildid=4200000001275.0
,,4200000001272.0,https://www.chinabdc.cn/Tool/Config/QueryMethodName?methodName=GetUnitInfo&buildid=4200000001272.0
,,4200000001281.0,https://www.chinabdc.cn/Tool/Config/QueryMethodName?methodName=GetUnitInfo&buildid=4200000001281.0
,,4200000001268.0,https://www.chinabdc.cn/Tool/Config/QueryMethodName?methodName=GetUnitInfo&buildid=4200000001268.0
,,630104058678.0,https://www.chinabdc.cn/Tool/Config/QueryMethodName?methodName=GetUnitInfo&buildid=630104058678.0
,,630104054361.0,https://www.chinabdc.cn/Tool/Config/QueryMethodName?methodName=GetUnitInfo&buildid=630104054361.0
,,61004287.0,https://www.chinabdc.cn/Tool/Config/QueryMethodName?methodName=GetUnitInfo&buildid=61004287.0
,,60766141.0,https://www.chinabdc.cn/Tool/Config/QueryMethodName?methodName=GetUnitInfo&buildid=60766141.0
,,61004316.0,https://www.chinabdc.cn/Tool/Config/QueryMethodName?methodName=GetUnitInfo&buildid=61004316.0
,,61004303.0,https://www.chinabdc.cn/Tool/Config/QueryMethodName?methodName=GetUnitInfo&buildid=61004303.0
,,630104055790.0,https://www.chinabdc.cn/Tool/Config/QueryMethodName?methodName=GetUnitInfo&buildid=630104055790.0
,,630104055787.0,https://www.chinabdc.cn/Tool/Config/QueryMethodName?methodName=GetUnitInfo&buildid=630104055787.0
,,630104049312.0,https://www.chinabdc.cn/Tool/Config/QueryMethodName?methodName=GetUnitInfo&buildid=630104049312.0
,,630104058669.0,https://www.chinabdc.cn/Tool/Config/QueryMethodName?methodName=GetUnitInfo&buildid=630104058669.0
,,4100000001939.0,https://www.chinabdc.cn/Tool/Config/QueryMethodName?methodName=GetUnitInfo&buildid=4100000001939.0
,,630104055592.0,https://www.chinabdc.cn/Tool/Config/QueryMethodName?methodName=GetUnitInfo&buildid=630104055592.0
,,630104058673.0,https://www.chinabdc.cn/Tool/Config/QueryMethodName?methodName=GetUnitInfo&buildid=630104058673.0
,,630104055589.0,https://www.chinabdc.cn/Tool/Config/QueryMethodName?methodName=GetUnitInfo&buildid=630104055589.0
,,630104058671.0,https://www.chinabdc.cn/Tool/Config/QueryMethodName?methodName=GetUnitInfo&buildid=630104058671.0
,,630104058676.0,https://www.chinabdc.cn/Tool/Config/QueryMethodName?methodName=GetUnitInfo&buildid=630104058676.0
,,4100000001910.0,https://www.chinabdc.cn/Tool/Config/QueryMethodName?methodName=GetUnitInfo&buildid=4100000001910.0
,,4100000001909.0,https://www.chinabdc.cn/Tool/Config/QueryMethodName?methodName=GetUnitInfo&buildid=4100000001909.0
,,630104049300.0,https://www.chinabdc.cn/Tool/Config/QueryMethodName?methodName=GetUnitInfo&buildid=630104049300.0
,,4100000001907.0,https://www.chinabdc.cn/Tool/Config/QueryMethodName?methodName=GetUnitInfo&buildid=4100000001907.0
,,4100000001908.0,https://www.chinabdc.cn/Tool/Config/QueryMethodName?methodName=GetUnitInfo&buildid=4100000001908.0
,,4100000001913.0,https://www.chinabdc.cn/Tool/Config/QueryMethodName?methodName=GetUnitInfo&buildid=4100000001913.0
,,4100000001914.0,https://www.chinabdc.cn/Tool/Config/QueryMethodName?methodName=GetUnitInfo&buildid=4100000001914.0
,,4100000001915.0,https://www.chinabdc.cn/Tool/Config/QueryMethodName?methodName=GetUnitInfo&buildid=4100000001915.0
,,4100000001936.0,https://www.chinabdc.cn/Tool/Config/QueryMethodName?methodName=GetUnitInfo&buildid=4100000001936.0
,,4100000003146.0,https://www.chinabdc.cn/Tool/Config/QueryMethodName?methodName=GetUnitInfo&buildid=4100000003146.0
,,4100000001937.0,https://www.chinabdc.cn/Tool/Config/QueryMethodName?methodName=GetUnitInfo&buildid=4100000001937.0
,,4100000001911.0,https://www.chinabdc.cn/Tool/Config/QueryMethodName?methodName=GetUnitInfo&buildid=4100000001911.0
,,4100000001916.0,https://www.chinabdc.cn/Tool/Config/QueryMethodName?methodName=GetUnitInfo&buildid=4100000001916.0
,,4100000001946.0,https://www.chinabdc.cn/Tool/Config/QueryMethodName?methodName=GetUnitInfo&buildid=4100000001946.0
,,4100000001906.0,https://www.chinabdc.cn/Tool/Config/QueryMethodName?methodName=GetUnitInfo&buildid=4100000001906.0
,,4200000003074.0,https://www.chinabdc.cn/Tool/Config/QueryMethodName?methodName=GetUnitInfo&buildid=4200000003074.0
,,630105058110.0,https://www.chinabdc.cn/Tool/Config/QueryMethodName?methodName=GetUnitInfo&buildid=630105058110.0
,,630105058108.0,https://www.chinabdc.cn/Tool/Config/QueryMethodName?methodName=GetUnitInfo&buildid=630105058108.0
,,4100000001938.0,https://www.chinabdc.cn/Tool/Config/QueryMethodName?methodName=GetUnitInfo&buildid=4100000001938.0
,,630105043958.0,https://www.chinabdc.cn/Tool/Config/QueryMethodName?methodName=GetUnitInfo&buildid=630105043958.0
,,630105043956.0,https://www.chinabdc.cn/Tool/Config/QueryMethodName?methodName=GetUnitInfo&buildid=630105043956.0
,,630105055858.0,https://www.chinabdc.cn/Tool/Config/QueryMethodName?methodName=GetUnitInfo&buildid=630105055858.0
,,630104050903.0,https://www.chinabdc.cn/Tool/Config/QueryMethodName?methodName=GetUnitInfo&buildid=630104050903.0
,,630105050978.0,https://www.chinabdc.cn/Tool/Config/QueryMethodName?methodName=GetUnitInfo&buildid=630105050978.0
,,630105039014.0,https://www.chinabdc.cn/Tool/Config/QueryMethodName?methodName=GetUnitInfo&buildid=630105039014.0
,,630104055677.0,https://www.chinabdc.cn/Tool/Config/QueryMethodName?methodName=GetUnitInfo&buildid=630104055677.0
,,630223003845.0,https://www.chinabdc.cn/Tool/Config/QueryMethodName?methodName=GetUnitInfo&buildid=630223003845.0
,,630105039010.0,https://www.chinabdc.cn/Tool/Config/QueryMethodName?methodName=GetUnitInfo&buildid=630105039010.0
,,630103000607.0,https://www.chinabdc.cn/Tool/Config/QueryMethodName?methodName=GetUnitInfo&buildid=630103000607.0
,,630224015573.0,https://www.chinabdc.cn/Tool/Config/QueryMethodName?methodName=GetUnitInfo&buildid=630224015573.0
,,630224015569.0,https://www.chinabdc.cn/Tool/Config/QueryMethodName?methodName=GetUnitInfo&buildid=630224015569.0
,,630103053555.0,https://www.chinabdc.cn/Tool/Config/QueryMethodName?methodName=GetUnitInfo&buildid=630103053555.0
,,630103053550.0,https://www.chinabdc.cn/Tool/Config/QueryMethodName?methodName=GetUnitInfo&buildid=630103053550.0
,,630103053552.0,https://www.chinabdc.cn/Tool/Config/QueryMethodName?methodName=GetUnitInfo&buildid=630103053552.0
,,630103053547.0,https://www.chinabdc.cn/Tool/Config/QueryMethodName?methodName=GetUnitInfo&buildid=630103053547.0
,,630103053551.0,https://www.chinabdc.cn/Tool/Config/QueryMethodName?methodName=GetUnitInfo&buildid=630103053551.0
,,630103053554.0,https://www.chinabdc.cn/Tool/Config/QueryMethodName?methodName=GetUnitInfo&buildid=630103053554.0
,,630103053553.0,https://www.chinabdc.cn/Tool/Config/QueryMethodName?methodName=GetUnitInfo&buildid=630103053553.0
,,630105039002.0,https://www.chinabdc.cn/Tool/Config/QueryMethodName?methodName=GetUnitInfo&buildid=630105039002.0
,,630104055682.0,https://www.chinabdc.cn/Tool/Config/QueryMethodName?methodName=GetUnitInfo&buildid=630104055682.0
,,630105036902.0,https://www.chinabdc.cn/Tool/Config/QueryMethodName?methodName=GetUnitInfo&buildid=630105036902.0
,,630105036901.0,https://www.chinabdc.cn/Tool/Config/QueryMethodName?methodName=GetUnitInfo&buildid=630105036901.0
,,630105038998.0,https://www.chinabdc.cn/Tool/Config/QueryMethodName?methodName=GetUnitInfo&buildid=630105038998.0
,,630105039589.0,https://www.chinabdc.cn/Tool/Config/QueryMethodName?methodName=GetUnitInfo&buildid=630105039589.0
,,630105036900.0,https://www.chinabdc.cn/Tool/Config/QueryMethodName?methodName=GetUnitInfo&buildid=630105036900.0
,,630105039583.0,https://www.chinabdc.cn/Tool/Config/QueryMethodName?methodName=GetUnitInfo&buildid=630105039583.0
,,630105039708.0,https://www.chinabdc.cn/Tool/Config/QueryMethodName?methodName=GetUnitInfo&buildid=630105039708.0
,,630105036898.0,https://www.chinabdc.cn/Tool/Config/QueryMethodName?methodName=GetUnitInfo&buildid=630105036898.0
,,630105039588.0,https://www.chinabdc.cn/Tool/Config/QueryMethodName?methodName=GetUnitInfo&buildid=630105039588.0
,,630105039580.0,https://www.chinabdc.cn/Tool/Config/QueryMethodName?methodName=GetUnitInfo&buildid=630105039580.0
,,4200000000616.0,https://www.chinabdc.cn/Tool/Config/QueryMethodName?methodName=GetUnitInfo&buildid=4200000000616.0
,,4200000000617.0,https://www.chinabdc.cn/Tool/Config/QueryMethodName?methodName=GetUnitInfo&buildid=4200000000617.0
,,630105039866.0,https://www.chinabdc.cn/Tool/Config/QueryMethodName?methodName=GetUnitInfo&buildid=630105039866.0
,,4200000000570.0,https://www.chinabdc.cn/Tool/Config/QueryMethodName?methodName=GetUnitInfo&buildid=4200000000570.0
,,630105059155.0,https://www.chinabdc.cn/Tool/Config/QueryMethodName?methodName=GetUnitInfo&buildid=630105059155.0
暂无数据,暂无数据,60539791.0,https://www.chinabdc.cn/Tool/Config/QueryMethodName?methodName=GetUnitInfo&buildid=60539791.0
,,630105059154.0,https://www.chinabdc.cn/Tool/Config/QueryMethodName?methodName=GetUnitInfo&buildid=630105059154.0
,,4300000000191.0,https://www.chinabdc.cn/Tool/Config/QueryMethodName?methodName=GetUnitInfo&buildid=4300000000191.0
,,630105059159.0,https://www.chinabdc.cn/Tool/Config/QueryMethodName?methodName=GetUnitInfo&buildid=630105059159.0
,,4300000003346.0,https://www.chinabdc.cn/Tool/Config/QueryMethodName?methodName=GetUnitInfo&buildid=4300000003346.0
,,4300000000514.0,https://www.chinabdc.cn/Tool/Config/QueryMethodName?methodName=GetUnitInfo&buildid=4300000000514.0
,,630103053568.0,https://www.chinabdc.cn/Tool/Config/QueryMethodName?methodName=GetUnitInfo&buildid=630103053568.0
,,4300000000285.0,https://www.chinabdc.cn/Tool/Config/QueryMethodName?methodName=GetUnitInfo&buildid=4300000000285.0
,,60528887.0,https://www.chinabdc.cn/Tool/Config/QueryMethodName?methodName=GetUnitInfo&buildid=60528887.0
,,60539792.0,https://www.chinabdc.cn/Tool/Config/QueryMethodName?methodName=GetUnitInfo&buildid=60539792.0
,,630105059156.0,https://www.chinabdc.cn/Tool/Config/QueryMethodName?methodName=GetUnitInfo&buildid=630105059156.0
,,60529086.0,https://www.chinabdc.cn/Tool/Config/QueryMethodName?methodName=GetUnitInfo&buildid=60529086.0
,,60526949.0,https://www.chinabdc.cn/Tool/Config/QueryMethodName?methodName=GetUnitInfo&buildid=60526949.0
暂无数据,暂无数据,60528721.0,https://www.chinabdc.cn/Tool/Config/QueryMethodName?methodName=GetUnitInfo&buildid=60528721.0
,,4300000000565.0,https://www.chinabdc.cn/Tool/Config/QueryMethodName?methodName=GetUnitInfo&buildid=4300000000565.0
,,4300000000258.0,https://www.chinabdc.cn/Tool/Config/QueryMethodName?methodName=GetUnitInfo&buildid=4300000000258.0
,,4300000000268.0,https://www.chinabdc.cn/Tool/Config/QueryMethodName?methodName=GetUnitInfo&buildid=4300000000268.0
,,4300000000404.0,https://www.chinabdc.cn/Tool/Config/QueryMethodName?methodName=GetUnitInfo&buildid=4300000000404.0
,,60527188.0,https://www.chinabdc.cn/Tool/Config/QueryMethodName?methodName=GetUnitInfo&buildid=60527188.0
,,4300000000219.0,https://www.chinabdc.cn/Tool/Config/QueryMethodName?methodName=GetUnitInfo&buildid=4300000000219.0
,,4300000000517.0,https://www.chinabdc.cn/Tool/Config/QueryMethodName?methodName=GetUnitInfo&buildid=4300000000517.0
,,4300000000582.0,https://www.chinabdc.cn/Tool/Config/QueryMethodName?methodName=GetUnitInfo&buildid=4300000000582.0
,,4300000000143.0,https://www.chinabdc.cn/Tool/Config/QueryMethodName?methodName=GetUnitInfo&buildid=4300000000143.0
,,4300000000585.0,https://www.chinabdc.cn/Tool/Config/QueryMethodName?methodName=GetUnitInfo&buildid=4300000000585.0
,,4300000000222.0,https://www.chinabdc.cn/Tool/Config/QueryMethodName?methodName=GetUnitInfo&buildid=4300000000222.0
,,4300000000185.0,https://www.chinabdc.cn/Tool/Config/QueryMethodName?methodName=GetUnitInfo&buildid=4300000000185.0
,,4300000000201.0,https://www.chinabdc.cn/Tool/Config/QueryMethodName?methodName=GetUnitInfo&buildid=4300000000201.0
,,60528119.0,https://www.chinabdc.cn/Tool/Config/QueryMethodName?methodName=GetUnitInfo&buildid=60528119.0
,,4300000000407.0,https://www.chinabdc.cn/Tool/Config/QueryMethodName?methodName=GetUnitInfo&buildid=4300000000407.0
,,4300000000605.0,https://www.chinabdc.cn/Tool/Config/QueryMethodName?methodName=GetUnitInfo&buildid=4300000000605.0
,,4300000000560.0,https://www.chinabdc.cn/Tool/Config/QueryMethodName?methodName=GetUnitInfo&buildid=4300000000560.0
,,4300000000589.0,https://www.chinabdc.cn/Tool/Config/QueryMethodName?methodName=GetUnitInfo&buildid=4300000000589.0
,,4300000001459.0,https://www.chinabdc.cn/Tool/Config/QueryMethodName?methodName=GetUnitInfo&buildid=4300000001459.0
,,4300000000287.0,https://www.chinabdc.cn/Tool/Config/QueryMethodName?methodName=GetUnitInfo&buildid=4300000000287.0
,,4300000000669.0,https://www.chinabdc.cn/Tool/Config/QueryMethodName?methodName=GetUnitInfo&buildid=4300000000669.0
,,4300000001951.0,https://www.chinabdc.cn/Tool/Config/QueryMethodName?methodName=GetUnitInfo&buildid=4300000001951.0
,,4300000000732.0,https://www.chinabdc.cn/Tool/Config/QueryMethodName?methodName=GetUnitInfo&buildid=4300000000732.0
,,4300000000286.0,https://www.chinabdc.cn/Tool/Config/QueryMethodName?methodName=GetUnitInfo&buildid=4300000000286.0
,,4300000000584.0,https://www.chinabdc.cn/Tool/Config/QueryMethodName?methodName=GetUnitInfo&buildid=4300000000584.0
,,4300000000400.0,https://www.chinabdc.cn/Tool/Config/QueryMethodName?methodName=GetUnitInfo&buildid=4300000000400.0
,,4300000000119.0,https://www.chinabdc.cn/Tool/Config/QueryMethodName?methodName=GetUnitInfo&buildid=4300000000119.0
,,4300000000224.0,https://www.chinabdc.cn/Tool/Config/QueryMethodName?methodName=GetUnitInfo&buildid=4300000000224.0
,,630105039564.0,https://www.chinabdc.cn/Tool/Config/QueryMethodName?methodName=GetUnitInfo&buildid=630105039564.0
,,630105039577.0,https://www.chinabdc.cn/Tool/Config/QueryMethodName?methodName=GetUnitInfo&buildid=630105039577.0
暂无数据,暂无数据,630202008962.0,https://www.chinabdc.cn/Tool/Config/QueryMethodName?methodName=GetUnitInfo&buildid=630202008962.0
暂无数据,暂无数据,630202008964.0,https://www.chinabdc.cn/Tool/Config/QueryMethodName?methodName=GetUnitInfo&buildid=630202008964.0
,,630105043077.0,https://www.chinabdc.cn/Tool/Config/QueryMethodName?methodName=GetUnitInfo&buildid=630105043077.0
,,630105054393.0,https://www.chinabdc.cn/Tool/Config/QueryMethodName?methodName=GetUnitInfo&buildid=630105054393.0
,,630105038914.0,https://www.chinabdc.cn/Tool/Config/QueryMethodName?methodName=GetUnitInfo&buildid=630105038914.0
,,630105052943.0,https://www.chinabdc.cn/Tool/Config/QueryMethodName?methodName=GetUnitInfo&buildid=630105052943.0
,,630105052945.0,https://www.chinabdc.cn/Tool/Config/QueryMethodName?methodName=GetUnitInfo&buildid=630105052945.0
,,630105045098.0,https://www.chinabdc.cn/Tool/Config/QueryMethodName?methodName=GetUnitInfo&buildid=630105045098.0
,,60753545.0,https://www.chinabdc.cn/Tool/Config/QueryMethodName?methodName=GetUnitInfo&buildid=60753545.0
,,60862731.0,https://www.chinabdc.cn/Tool/Config/QueryMethodName?methodName=GetUnitInfo&buildid=60862731.0
,,60798760.0,https://www.chinabdc.cn/Tool/Config/QueryMethodName?methodName=GetUnitInfo&buildid=60798760.0
,,60786253.0,https://www.chinabdc.cn/Tool/Config/QueryMethodName?methodName=GetUnitInfo&buildid=60786253.0
,,60798759.0,https://www.chinabdc.cn/Tool/Config/QueryMethodName?methodName=GetUnitInfo&buildid=60798759.0
002001040030047,中国农业银行黄河路支行,60660638.0,https://www.chinabdc.cn/Tool/Config/QueryMethodName?methodName=GetUnitInfo&buildid=60660638.0
,,60902703.0,https://www.chinabdc.cn/Tool/Config/QueryMethodName?methodName=GetUnitInfo&buildid=60902703.0
,,60798758.0,https://www.chinabdc.cn/Tool/Config/QueryMethodName?methodName=GetUnitInfo&buildid=60798758.0
,,60660637.0,https://www.chinabdc.cn/Tool/Config/QueryMethodName?methodName=GetUnitInfo&buildid=60660637.0
,,60786254.0,https://www.chinabdc.cn/Tool/Config/QueryMethodName?methodName=GetUnitInfo&buildid=60786254.0
,,630105054633.0,https://www.chinabdc.cn/Tool/Config/QueryMethodName?methodName=GetUnitInfo&buildid=630105054633.0
002001040030047,中国农业银行黄河路支行,60660636.0,https://www.chinabdc.cn/Tool/Config/QueryMethodName?methodName=GetUnitInfo&buildid=60660636.0
002001040030047,中国农业银行黄河路支行,60660634.0,https://www.chinabdc.cn/Tool/Config/QueryMethodName?methodName=GetUnitInfo&buildid=60660634.0
,,60806338.0,https://www.chinabdc.cn/Tool/Config/QueryMethodName?methodName=GetUnitInfo&buildid=60806338.0
002001040030047,中国农业银行黄河路支行,60660633.0,https://www.chinabdc.cn/Tool/Config/QueryMethodName?methodName=GetUnitInfo&buildid=60660633.0
,,630105054349.0,https://www.chinabdc.cn/Tool/Config/QueryMethodName?methodName=GetUnitInfo&buildid=630105054349.0
,,60806274.0,https://www.chinabdc.cn/Tool/Config/QueryMethodName?methodName=GetUnitInfo&buildid=60806274.0
002001040030047,中国农业银行黄河路支行,60660630.0,https://www.chinabdc.cn/Tool/Config/QueryMethodName?methodName=GetUnitInfo&buildid=60660630.0
002001040030047,中国农业银行黄河路支行,60660632.0,https://www.chinabdc.cn/Tool/Config/QueryMethodName?methodName=GetUnitInfo&buildid=60660632.0
,,60806875.0,https://www.chinabdc.cn/Tool/Config/QueryMethodName?methodName=GetUnitInfo&buildid=60806875.0
,,60806488.0,https://www.chinabdc.cn/Tool/Config/QueryMethodName?methodName=GetUnitInfo&buildid=60806488.0
,,60806817.0,https://www.chinabdc.cn/Tool/Config/QueryMethodName?methodName=GetUnitInfo&buildid=60806817.0
,,630105054337.0,https://www.chinabdc.cn/Tool/Config/QueryMethodName?methodName=GetUnitInfo&buildid=630105054337.0
,,630105054338.0,https://www.chinabdc.cn/Tool/Config/QueryMethodName?methodName=GetUnitInfo&buildid=630105054338.0
,,60753511.0,https://www.chinabdc.cn/Tool/Config/QueryMethodName?methodName=GetUnitInfo&buildid=60753511.0
,,630105054348.0,https://www.chinabdc.cn/Tool/Config/QueryMethodName?methodName=GetUnitInfo&buildid=630105054348.0
,,60753489.0,https://www.chinabdc.cn/Tool/Config/QueryMethodName?methodName=GetUnitInfo&buildid=60753489.0
,,60753471.0,https://www.chinabdc.cn/Tool/Config/QueryMethodName?methodName=GetUnitInfo&buildid=60753471.0
,,60806970.0,https://www.chinabdc.cn/Tool/Config/QueryMethodName?methodName=GetUnitInfo&buildid=60806970.0
,,60753455.0,https://www.chinabdc.cn/Tool/Config/QueryMethodName?methodName=GetUnitInfo&buildid=60753455.0
,,630105054347.0,https://www.chinabdc.cn/Tool/Config/QueryMethodName?methodName=GetUnitInfo&buildid=630105054347.0
,,60753439.0,https://www.chinabdc.cn/Tool/Config/QueryMethodName?methodName=GetUnitInfo&buildid=60753439.0
,,60806772.0,https://www.chinabdc.cn/Tool/Config/QueryMethodName?methodName=GetUnitInfo&buildid=60806772.0
,,630105054336.0,https://www.chinabdc.cn/Tool/Config/QueryMethodName?methodName=GetUnitInfo&buildid=630105054336.0
,,60549305.0,https://www.chinabdc.cn/Tool/Config/QueryMethodName?methodName=GetUnitInfo&buildid=60549305.0
,,630105052932.0,https://www.chinabdc.cn/Tool/Config/QueryMethodName?methodName=GetUnitInfo&buildid=630105052932.0
,,60806922.0,https://www.chinabdc.cn/Tool/Config/QueryMethodName?methodName=GetUnitInfo&buildid=60806922.0
,,630105054319.0,https://www.chinabdc.cn/Tool/Config/QueryMethodName?methodName=GetUnitInfo&buildid=630105054319.0
,,630105054318.0,https://www.chinabdc.cn/Tool/Config/QueryMethodName?methodName=GetUnitInfo&buildid=630105054318.0
,,630105043043.0,https://www.chinabdc.cn/Tool/Config/QueryMethodName?methodName=GetUnitInfo&buildid=630105043043.0
,,630105053747.0,https://www.chinabdc.cn/Tool/Config/QueryMethodName?methodName=GetUnitInfo&buildid=630105053747.0
,,630105054317.0,https://www.chinabdc.cn/Tool/Config/QueryMethodName?methodName=GetUnitInfo&buildid=630105054317.0
,,630105054316.0,https://www.chinabdc.cn/Tool/Config/QueryMethodName?methodName=GetUnitInfo&buildid=630105054316.0
,,630105054315.0,https://www.chinabdc.cn/Tool/Config/QueryMethodName?methodName=GetUnitInfo&buildid=630105054315.0
,,60753423.0,https://www.chinabdc.cn/Tool/Config/QueryMethodName?methodName=GetUnitInfo&buildid=60753423.0
